epoch,train_loss,train_accuracy,test_loss,test_accuracy
1,11.872914767456054,32.35111111111111,9.075430870056152,27.98999845981598
2,4.423057619010078,32.10666666666667,2.1217894554138184,36.03000044822693
3,1.78449381497701,40.215555555555554,1.649297833442688,41.839998960494995
4,1.605876747947269,44.58444444444444,1.7428730726242065,44.05999779701233
5,1.5392726466708713,46.82888888888889,1.4169083833694458,49.390000104904175
6,1.470343584558699,49.26222222222222,1.5032925605773926,45.99999785423279
7,1.4190681617948744,50.76,1.3299572467803955,52.91000008583069
8,1.4016077767478095,51.562222222222225,1.4263299703598022,50.40000081062317
9,1.3731846520741782,53.068888888888885,1.5368359088897705,46.859997510910034
10,1.3544817093319363,53.486666666666665,1.382675051689148,51.66999697685242
11,1.3107822093751695,55.044444444444444,1.2381693124771118,55.68999648094177
12,1.2823503260718452,55.94222222222222,1.2182270288467407,55.900001525878906
13,1.2444691730711195,57.35777777777778,1.3323204517364502,53.49000096321106
14,1.2172535893758138,58.16888888888889,1.3557113409042358,52.59999632835388
15,1.2054153922610813,58.57555555555555,1.1940569877624512,58.25999975204468
16,1.1757271321402656,59.57555555555555,1.2683171033859253,56.08999729156494
17,1.168116027853224,59.791111111111114,1.1572895050048828,60.920000076293945
18,1.1527217911402385,60.095555555555556,1.2183276414871216,56.49999976158142
19,1.1464978311538696,60.56444444444445,1.1939858198165894,58.74999761581421
20,1.1350586335288153,60.977777777777774,1.4598143100738525,53.47999930381775
21,1.1462012637668186,60.92666666666667,1.1735124588012695,59.130001068115234
22,1.1232046474456787,61.32,1.1541820764541626,60.40999889373779
23,1.1038476045396592,62.35111111111111,1.314284086227417,54.46999669075012
24,1.1070626984490288,62.08,1.178481101989746,59.209996461868286
25,1.0970114220089382,62.66444444444444,1.2315760850906372,58.09999704360962
26,1.0910575950834487,62.84222222222222,1.1231130361557007,61.28999590873718
27,1.072405857679579,62.76,1.1688039302825928,59.31999683380127
28,1.0737185618930394,63.08222222222222,1.4717060327529907,55.5400013923645
29,1.0626093530019125,63.528888888888886,1.2334133386611938,58.649998903274536
30,1.0598549170176188,63.22888888888889,1.1415858268737793,60.019999742507935
31,1.0541319443384807,63.94444444444444,1.2720388174057007,55.889999866485596
32,1.0424802274809943,64.1511111111111,1.127877950668335,60.9499990940094
33,1.0466412297990586,63.815555555555555,1.1786587238311768,60.39999723434448
34,1.0388605355050828,64.36888888888889,1.2915858030319214,58.85999798774719
35,1.042399276775784,64.16444444444444,1.2481507062911987,57.91999697685242
36,1.0423018885294597,64.20444444444445,1.2015899419784546,58.95000100135803
37,1.0344569466484919,64.33777777777777,1.1166973114013672,61.93999648094177
38,1.0378392170588175,64.18444444444444,1.3615684509277344,55.75000047683716
39,1.035002997186449,64.1,1.1716506481170654,59.31000113487244
40,1.0262458660761515,64.38444444444444,1.170729637145996,59.88999605178833
41,1.0285028938717313,64.55555555555556,1.1352471113204956,61.489999294281006
42,1.0258371344672308,64.56,1.085162878036499,64.12999629974365
43,1.018383374065823,64.78888888888889,1.2035776376724243,58.709996938705444
44,1.0148422087139553,64.86666666666666,1.1757787466049194,59.99999642372131
45,1.0071302933375041,65.07555555555555,1.1442162990570068,59.89999771118164
46,1.0193127299520703,64.7088888888889,1.1122125387191772,60.72999835014343
47,1.0106504500071207,65.14222222222222,1.071733832359314,63.109999895095825
48,1.0114290087805855,65.14666666666666,1.4454319477081299,55.15999794006348
49,1.010839672756195,64.86222222222223,1.0772356986999512,62.38999962806702
50,0.9998590920448304,65.38888888888889,1.2027318477630615,59.209996461868286
51,0.9971865123112996,65.24888888888889,1.0761733055114746,63.409996032714844
52,0.9935283462312486,65.55555555555556,1.0543185472488403,63.04999589920044
53,0.9874851732889811,65.63555555555556,1.2145240306854248,59.83999967575073
54,0.9906375186708238,65.66222222222223,1.0621227025985718,63.419997692108154
55,0.9914029457251231,65.61555555555556,1.090339183807373,62.99999952316284
56,0.9806358923170302,66.00444444444445,1.3028907775878906,55.51999807357788
57,0.977851531876458,65.96888888888888,1.0389100313186646,64.19000029563904
58,0.9781219494289822,65.75111111111111,1.126746416091919,60.49000024795532
59,0.9785953392876519,65.69777777777777,1.0987000465393066,61.76999807357788
60,0.971944427172343,66.08444444444444,1.1062283515930176,62.369996309280396
61,0.9678221228281657,66.30666666666667,1.2344245910644531,59.85000133514404
62,0.977971269914839,65.7911111111111,1.1300770044326782,60.350000858306885
63,0.9657699586232503,66.46222222222222,1.0378577709197998,63.69999647140503
64,0.9634876617325677,66.48666666666666,1.1286462545394897,60.85999608039856
65,0.9605319479094612,66.45555555555555,1.1160346269607544,61.03000044822693
66,0.9552596134609647,66.93555555555555,1.1644818782806396,60.62999963760376
67,0.9585987175623576,66.43777777777778,1.1252949237823486,61.04999780654907
68,0.9511876610861885,66.93333333333334,1.079376220703125,63.33000063896179
69,0.9500216655307346,66.68888888888888,1.1265475749969482,60.86999773979187
70,0.9414435135735406,67.00888888888889,1.1842561960220337,61.18999719619751
71,0.9406370195388793,67.12444444444445,1.1212648153305054,61.159998178482056
72,0.9497868637402852,66.94,1.053300142288208,64.10999894142151
73,0.9425233982721964,67.14444444444445,1.0703009366989136,63.019996881484985
74,0.9353939203050401,67.20444444444445,1.0777320861816406,62.779998779296875
75,0.9393094924502903,67.30888888888889,1.2131285667419434,60.280001163482666
76,0.9272781635284424,67.65555555555555,1.0947651863098145,61.96999549865723
77,0.9260887568155924,67.51777777777778,1.0634485483169556,63.65000009536743
78,0.9274176441616482,67.54444444444445,1.115196704864502,62.07000017166138
79,0.9157951452520159,67.84222222222222,1.0672672986984253,63.019996881484985
80,0.9265812955644396,67.61555555555556,1.2315051555633545,60.06999611854553
81,0.9243114528550042,67.59777777777778,1.133023977279663,61.5399956703186
82,0.9140990058872435,67.96,1.0839860439300537,62.72000074386597
83,0.9186750140084161,67.8711111111111,1.2594478130340576,59.8800003528595
84,0.9101575344509548,68.04666666666667,1.0759702920913696,63.04999589920044
85,0.9090556046591864,68.09777777777778,1.0916826725006104,62.0199978351593
86,0.9097792921384176,68.37555555555555,1.0902830362319946,62.83999681472778
87,0.8981100559022691,68.56,1.1935815811157227,60.179996490478516
88,0.901493773873647,68.48,1.0520851612091064,63.19999694824219
89,0.9073389385859172,68.2911111111111,1.0601658821105957,63.359999656677246
90,0.9066033616807726,68.13111111111111,1.0993025302886963,61.239999532699585
91,0.897453444173601,68.48444444444445,1.091254711151123,62.25999593734741
92,0.8999594376881918,68.46888888888888,1.0614697933197021,63.01000118255615
93,0.9009334924274021,68.28444444444445,1.0402462482452393,64.35999870300293
94,0.8923139246834649,68.77777777777777,1.051425576210022,64.92999792098999
95,0.8939751522064209,68.85111111111111,1.1770168542861938,60.89000105857849
96,0.8860481267081367,68.77111111111111,1.1211917400360107,61.869996786117554
97,0.8938675579600864,68.66,1.1590285301208496,61.03000044822693
98,0.8931986848725213,68.83777777777777,1.0954030752182007,62.72000074386597
99,0.8931752777311537,68.76666666666667,1.0299047231674194,64.34999704360962
100,0.891966249232822,68.81111111111112,1.2047264575958252,60.72999835014343
101,0.9002881094614664,68.41111111111111,1.1554616689682007,60.22999882698059
102,0.881518187766605,69.15777777777778,1.046968936920166,63.65000009536743
103,0.8793163188510471,69.51555555555555,1.0483076572418213,63.599997758865356
104,0.8756510268741183,69.2688888888889,0.9976300597190857,65.47999978065491
105,0.885848004245758,68.92444444444445,1.0885792970657349,62.909996509552
106,0.8822388007322948,69.00222222222222,1.1025190353393555,63.23999762535095
107,0.8736310124927097,69.35777777777778,1.0657601356506348,64.05999660491943
108,0.8785910426245795,69.23555555555555,0.9949367046356201,65.86999893188477
109,0.8749046225441827,69.77111111111111,1.0386779308319092,64.7599995136261
110,0.8777416400909424,69.46,1.0023951530456543,65.21999835968018
111,0.8854810310257806,68.92222222222222,1.0356470346450806,65.7099962234497
112,0.8761165904892816,69.41555555555556,1.0020179748535156,64.99999761581421
113,0.8781816822899713,69.32,1.0023894309997559,65.38999676704407
114,0.8771922300550673,69.22222222222223,1.0554145574569702,64.25999999046326
115,0.8733593557993571,69.3488888888889,1.0742862224578857,63.78999948501587
116,0.871803785387675,69.42444444444445,1.0536943674087524,64.84000086784363
117,0.865806230629815,69.74,0.9840892553329468,66.43999814987183
118,0.8797825149430168,69.14,1.0185651779174805,64.20999765396118
119,0.8720807265493605,69.52444444444444,1.0386884212493896,63.85999917984009
120,0.8723710531552633,69.47111111111111,1.037496566772461,64.49999809265137
121,0.8629292426427205,69.78222222222222,1.045472502708435,64.12000060081482
122,0.8619139448483785,69.84444444444445,1.0605411529541016,64.42999839782715
123,0.860547801759508,69.93555555555555,1.0685908794403076,63.77999782562256
124,0.8619691907246908,69.79777777777778,1.1228187084197998,61.59999966621399
125,0.8649992179870606,69.69111111111111,1.0637577772140503,63.47000002861023
126,0.868338939666748,69.54666666666667,1.05679452419281,63.80999684333801
127,0.86624805232154,69.60666666666667,1.1035646200180054,62.95999884605408
128,0.8577287210040623,69.96888888888888,1.2647531032562256,58.59999656677246
129,0.8600396745469835,70.01777777777778,1.0662287473678589,64.28999900817871
130,0.8595681001239353,69.91333333333333,1.1594916582107544,60.2899968624115
131,0.8598592858844333,69.81333333333333,1.066961646080017,65.03999829292297
132,0.8542914422988892,69.86444444444444,1.0296720266342163,64.96999859809875
133,0.8559430405828687,70.08888888888889,1.0537995100021362,64.80000019073486
134,0.860363225195143,69.7688888888889,1.1164387464523315,62.36000061035156
135,0.8528933637195163,70.11333333333333,0.9771405458450317,66.86999797821045
136,0.8561821758270264,69.89555555555556,1.0523922443389893,65.17999768257141
137,0.860037217564053,69.74444444444444,1.0178204774856567,64.67999815940857
138,0.8598391662385728,69.98444444444445,1.030696988105774,64.9399995803833
139,0.8570099782096015,69.89555555555556,1.045748233795166,64.02999758720398
140,0.8543607111612955,70.1288888888889,1.0746943950653076,62.939995527267456
141,0.8577071968714396,69.71555555555555,1.0192228555679321,65.3499960899353
142,0.8504962220403883,70.1,1.0121289491653442,65.21999835968018
143,0.8441371606190999,70.44888888888889,0.9982515573501587,65.27999639511108
144,0.8514798309750027,70.0111111111111,1.0211420059204102,64.87999558448792
145,0.8498275932312012,70.28444444444445,1.0023200511932373,65.54999947547913
146,0.8506226431952583,70.41333333333333,1.1407606601715088,60.339999198913574
147,0.8489895590570238,70.20444444444445,1.1267962455749512,63.409996032714844
148,0.8458014952977498,70.64888888888889,1.0506432056427002,63.95999789237976
149,0.8426567352082994,70.50888888888889,1.0109570026397705,64.98000025749207
150,0.8529604655848609,70.19111111111111,1.2106633186340332,58.91000032424927
151,0.8467004391776191,70.1288888888889,1.0297236442565918,64.85999822616577
152,0.8432176806979709,70.53777777777778,1.0310430526733398,64.98000025749207
153,0.8483377679400974,70.35555555555555,1.0965845584869385,64.410001039505
154,0.8465734327528212,70.40666666666667,1.0832921266555786,63.55999708175659
155,0.8405789126396179,70.45333333333333,1.0934948921203613,62.40999698638916
156,0.8363583124372694,70.73777777777778,1.1060583591461182,62.939995527267456
157,0.8404220575544569,70.53111111111112,1.0557457208633423,63.83999586105347
158,0.8481525860362583,70.01333333333334,1.008880376815796,65.49999713897705
159,0.8469314212163289,70.42888888888889,1.0087366104125977,65.81999659538269
160,0.843089640850491,70.38444444444444,1.0909724235534668,64.16000127792358
161,0.8485461928897434,70.28,1.0123926401138306,64.9399995803833
162,0.8457568309995863,70.19111111111111,0.9837210774421692,67.00999736785889
163,0.8422866883648766,70.3,1.0061103105545044,65.00999927520752
164,0.848737067159017,70.38666666666667,1.0690457820892334,64.35999870300293
165,0.8527287126647102,70.18222222222222,1.0508743524551392,64.59999680519104
166,0.8442638389375474,70.46,1.010389804840088,65.61999917030334
167,0.8403656010097927,70.54888888888888,1.0772193670272827,63.23999762535095
168,0.8449126127031115,70.47777777777777,1.0851686000823975,64.30000066757202
169,0.8398136504279242,70.55111111111111,1.1220073699951172,62.540000677108765
170,0.8453421591705746,70.29777777777778,1.064066767692566,64.16000127792358
171,0.8300834616449144,70.92444444444445,1.0642627477645874,63.749998807907104
172,0.8418424035390218,70.45111111111112,0.9847862124443054,66.08999967575073
173,0.8498950285593668,70.2688888888889,1.014889121055603,65.57999849319458
174,0.8413260622766283,70.60222222222222,1.0224570035934448,65.18999934196472
175,0.8465894666459826,70.56888888888889,1.0444061756134033,64.42999839782715
176,0.849114664416843,70.20666666666666,1.0316013097763062,65.20000100135803
177,0.8445026046858893,70.55111111111111,1.022688865661621,64.6299958229065
178,0.843383770582411,70.47111111111111,1.0372101068496704,64.07999992370605
179,0.8404678538322449,70.74444444444444,1.138796329498291,60.87999939918518
180,0.8468748236762152,70.30444444444444,1.1455503702163696,60.37999987602234
181,0.8492850717544556,70.19777777777777,1.2589702606201172,57.40000009536743
182,0.8457789040883382,70.35555555555555,0.9752146601676941,66.85999631881714
183,0.8389288632180956,70.7311111111111,1.0992218255996704,63.19999694824219
184,0.8516869020991855,70.28,1.058074712753296,64.07999992370605
185,0.8437494923697577,70.47333333333333,1.1689509153366089,61.40999794006348
186,0.8400327040672302,70.51555555555555,1.1648367643356323,59.8800003528595
187,0.8440398305892944,70.51333333333334,1.013242244720459,65.34000039100647
188,0.8364296931796604,70.98666666666666,1.003983736038208,65.86999893188477
189,0.8368377957450019,70.92444444444445,1.1094303131103516,62.66999840736389
190,0.8403529858059353,70.61333333333333,1.1216274499893188,62.290000915527344
191,0.8404194275379181,70.67555555555556,1.0045087337493896,65.7099962234497
192,0.838021064737108,70.59555555555555,1.2597157955169678,57.349997758865356
193,0.8441798673311869,70.4,1.029446005821228,64.55999612808228
194,0.8449410072750515,70.4888888888889,1.0573230981826782,63.77999782562256
195,0.8427561346583896,70.57555555555555,0.9814085960388184,65.81999659538269
196,0.8395284949408637,70.62444444444445,1.0467822551727295,63.72999548912048
197,0.835025706354777,70.99777777777778,1.0974458456039429,63.98000121116638
198,0.836032389746772,70.68222222222222,1.032860279083252,65.30999541282654
199,0.8388447948667738,70.67555555555556,1.1203068494796753,61.82999610900879
200,0.8353614436255561,70.97333333333333,1.0511260032653809,63.669997453689575
201,0.8395206060939365,70.51555555555555,1.1777797937393188,60.69999933242798
202,0.8306617431852552,71.04,1.0165554285049438,65.04999995231628
203,0.8397527977201674,70.85333333333334,1.0643327236175537,64.6399974822998
204,0.8404533298598396,70.4888888888889,1.029951810836792,64.5799994468689
205,0.8352252179887559,70.62222222222222,1.1092678308486938,63.60999941825867
206,0.8400413041008843,70.78666666666666,1.0237029790878296,64.87999558448792
207,0.8305567128287421,70.89333333333333,0.9804521203041077,66.53000116348267
208,0.8390655319955614,70.76222222222222,1.0732961893081665,63.83999586105347
209,0.8322621404435899,70.86,1.1353529691696167,61.59999966621399
210,0.8388971908357409,70.76444444444445,1.0198163986206055,65.24999737739563
211,0.8406011808501349,70.83777777777777,1.1134768724441528,62.95999884605408
212,0.836747551812066,70.85333333333334,1.0710644721984863,63.419997692108154
213,0.8386048370361329,70.69111111111111,1.060894250869751,63.989996910095215
214,0.833239058748881,70.9088888888889,0.9983624815940857,65.49999713897705
215,0.8354265565766229,70.79777777777778,1.0740983486175537,63.55999708175659
216,0.8329551776250204,70.83333333333333,1.0539803504943848,64.66999650001526
217,0.835210621939765,70.72666666666667,1.0130330324172974,66.04999899864197
218,0.8349009048885769,70.70444444444445,1.0145940780639648,65.49999713897705
219,0.8348605493015713,70.97111111111111,0.9956293106079102,65.39999842643738
220,0.8381974288304647,70.68,1.0656380653381348,65.21999835968018
221,0.8369049035814073,70.60444444444444,1.1169708967208862,61.489999294281006
222,0.8355288451088799,70.74222222222222,1.0901660919189453,62.72000074386597
223,0.8320194216410319,70.99777777777778,1.1088366508483887,62.34999895095825
224,0.8354131589041816,70.94444444444444,1.054866075515747,64.06999826431274
225,0.8468184623612298,70.47555555555556,1.0734432935714722,63.22999596595764
226,0.8384823602252537,70.64222222222222,1.0880935192108154,62.91999816894531
227,0.8421592489454481,70.52888888888889,1.0763049125671387,63.26000094413757
228,0.846442840830485,70.29333333333334,1.051401972770691,65.02999663352966
229,0.8369414499706692,70.75555555555556,1.1337982416152954,61.90999746322632
230,0.8422418087641398,70.62,0.9674956202507019,66.8999969959259
231,0.8372394420199925,70.7688888888889,0.953512966632843,67.62999892234802
232,0.8354571585973104,70.79777777777778,1.0316969156265259,64.48999643325806
233,0.8341522899097866,70.82,0.9850609302520752,66.78000092506409
234,0.835311169579294,70.8,1.0681893825531006,63.989996910095215
235,0.8394480759302775,70.78888888888889,1.0877456665039062,62.04000115394592
236,0.8368701571146647,70.83555555555556,1.0790740251541138,64.30000066757202
237,0.8365975654813979,70.35333333333334,1.0037654638290405,65.09000062942505
238,0.8432143689685397,70.45777777777778,1.0606988668441772,63.80999684333801
239,0.8350911060333251,70.62,1.0222294330596924,65.23999571800232
240,0.834951937145657,70.80666666666667,1.012332797050476,65.68999886512756
241,0.8362635370890299,70.74888888888889,1.0688402652740479,63.54999542236328
242,0.8341648689270019,70.68888888888888,1.0459328889846802,63.70999813079834
243,0.8340460773468018,70.80888888888889,1.0215609073638916,64.67999815940857
244,0.8346635828653971,70.91555555555556,1.0490447282791138,63.81999850273132
245,0.8318127783033583,70.85111111111111,1.0679347515106201,63.830000162124634
246,0.8368386017057631,70.80888888888889,1.0028355121612549,66.56000018119812
247,0.8404294793234931,70.76444444444445,1.1093082427978516,62.83999681472778
248,0.836972517410914,70.6511111111111,1.0070403814315796,64.4599974155426
249,0.8444037621180216,70.3711111111111,1.0743428468704224,62.97999620437622
250,0.830004163784451,70.83555555555556,1.1252814531326294,61.93999648094177
251,0.8393929996490479,70.72222222222223,1.2946921586990356,57.499998807907104
252,0.8441414876302084,70.59555555555555,1.0456087589263916,63.94000053405762
253,0.8381064381281534,70.57555555555555,0.9770162105560303,66.32999777793884
254,0.8402733661863538,70.56,1.0417228937149048,64.23999667167664
255,0.8400780739890205,70.75777777777778,1.0350619554519653,63.94999623298645
256,0.8358686010360717,70.96666666666667,0.9964330196380615,65.97999930381775
257,0.8344328577094607,70.7911111111111,1.110534906387329,62.61000037193298
258,0.8383261313332452,70.59555555555555,0.9987558722496033,66.53000116348267
259,0.8343131176524692,70.77777777777777,1.0539677143096924,63.77999782562256
260,0.8464510280927022,70.44,1.1216264963150024,61.98999881744385
261,0.8403166165457832,70.62,1.038973093032837,64.88999724388123
262,0.8368227720181147,70.68888888888888,1.0103026628494263,65.47999978065491
263,0.8383624854617648,70.67333333333333,1.0297608375549316,64.46999907493591
264,0.8323012600580851,70.8488888888889,1.089402198791504,62.529999017715454
265,0.840909305021498,70.66888888888889,1.1317592859268188,62.449997663497925
266,0.8372414990054237,70.85333333333334,1.0421762466430664,63.62000107765198
267,0.8395419441329108,70.66222222222223,1.362773060798645,56.23999834060669
268,0.8326239318635729,70.82888888888888,1.0218141078948975,65.7099962234497
269,0.8316182820638021,70.94222222222223,1.0324403047561646,64.23999667167664
270,0.8362258537080552,70.64,1.020596981048584,64.13999795913696
271,0.833797941716512,70.91555555555556,1.183387041091919,62.119996547698975
272,0.834597836918301,70.7911111111111,1.0263032913208008,64.85999822616577
273,0.8286347629229228,71.20222222222222,1.006776213645935,65.45999646186829
274,0.8342269185172186,70.67555555555556,1.3895022869110107,57.419997453689575
275,0.8313802564409044,71.02444444444444,1.0444105863571167,65.07999897003174
276,0.8351010317484537,70.78,1.0016323328018188,65.74000120162964
277,0.8380814768685235,70.99555555555555,1.0748344659805298,63.76999616622925
278,0.8325075321409438,70.90444444444445,1.052669882774353,64.44999575614929
279,0.8378785733540853,70.54888888888888,0.9620496034622192,66.86999797821045
280,0.841433715777927,70.63111111111111,1.0178449153900146,66.17000102996826
281,0.8348902079688179,70.85777777777778,1.0694868564605713,64.14999961853027
282,0.8371462428940667,70.74222222222222,0.9841245412826538,67.30999946594238
283,0.8312149222267998,71.08,1.016095519065857,66.13999605178833
284,0.8384598162121243,70.76444444444445,1.0010466575622559,65.43999910354614
285,0.8322536000834571,70.84,1.136316180229187,61.44999861717224
286,0.8346728122552236,70.98666666666666,1.0390366315841675,64.8099958896637
287,0.8375225592295329,70.82222222222222,1.0795128345489502,63.47999572753906
288,0.8361155662536621,70.71111111111111,1.225638747215271,59.17999744415283
289,0.8388571806271871,70.87777777777778,1.0973769426345825,62.18999624252319
290,0.8386357820087009,70.53777777777778,1.0349961519241333,64.16000127792358
291,0.8337556366708544,70.78666666666666,0.9992718696594238,65.41000008583069
292,0.8330098409016927,70.9,1.039182186126709,65.74999690055847
293,0.8284856660207113,71.17111111111112,1.0548415184020996,64.0500009059906
294,0.8347948651419745,70.78444444444445,1.116001844406128,60.71000099182129
295,0.8292647558424208,71.02,0.9885011911392212,66.14999771118164
296,0.8293017231411404,70.99333333333334,0.9937852621078491,65.81999659538269
297,0.8343961865319146,70.70666666666666,1.025626540184021,64.5799994468689
298,0.8343746323479546,70.71777777777778,1.1667019128799438,59.939998388290405
299,0.8382249114354452,70.92,1.0302428007125854,63.909995555877686
300,0.8321132988082038,70.99555555555555,1.080377459526062,63.109999895095825
301,0.8448782014211019,70.47333333333333,1.0740165710449219,64.0500009059906
302,0.844202830113305,70.46444444444444,0.97971510887146,67.04999804496765
303,0.8357912211842007,70.63111111111111,1.1279608011245728,61.89999580383301
304,0.8301208176294963,71.07777777777778,0.959758996963501,66.94999933242798
305,0.8363835803667704,70.59555555555555,1.1078943014144897,62.72000074386597
306,0.8357324575530158,70.92222222222222,1.075050711631775,64.05999660491943
307,0.8405866030481126,70.72888888888889,1.4299988746643066,55.869996547698975
308,0.8386629741880629,70.71333333333334,1.0810893774032593,63.58000040054321
309,0.8325675987031724,70.79555555555555,1.0125380754470825,65.03999829292297
310,0.8331058995352851,70.89111111111112,1.085063099861145,62.48999834060669
311,0.8341452836566501,70.72888888888889,0.9712174534797668,66.85999631881714
312,0.8346946444193523,70.78888888888889,0.9829218983650208,66.20000004768372
313,0.8342269740316602,70.89333333333333,1.043143630027771,63.909995555877686
314,0.835208500899209,70.92888888888889,1.0711650848388672,62.83999681472778
315,0.8300000622537401,71.06222222222222,1.102647304534912,62.699997425079346
316,0.8352858050505321,70.86888888888889,1.0635043382644653,64.30000066757202
317,0.8385059396107991,70.52222222222223,0.990165650844574,67.00999736785889
318,0.828624784427219,71.3488888888889,1.1234993934631348,62.48999834060669
319,0.8256991863568623,71.34,0.985411524772644,65.86999893188477
320,0.8324582918802897,71.02888888888889,1.1475940942764282,61.570000648498535
321,0.8284037765926785,70.83333333333333,1.0372039079666138,64.48000073432922
322,0.8261451222843594,71.07777777777778,1.0390877723693848,64.30000066757202
323,0.8336014115015665,71.0911111111111,1.1384371519088745,62.63999938964844
324,0.8266949103037516,71.04666666666667,1.0017329454421997,65.24999737739563
325,0.8320729839748806,70.80666666666667,1.1574374437332153,61.3599956035614
326,0.8285146295732922,70.98444444444445,1.0188053846359253,64.35999870300293
327,0.8309662805663215,70.91555555555556,1.0468730926513672,64.819997549057
328,0.8285553788608975,71.12,0.9592816233634949,66.74999594688416
329,0.8304642640219795,71.08888888888889,1.059533953666687,63.84999752044678
330,0.8337192784627279,70.64444444444445,1.0590720176696777,65.45000076293945
331,0.8363889744228787,70.67555555555556,1.2772713899612427,59.31999683380127
332,0.8315232707977295,71.14444444444445,0.9826626777648926,65.99999666213989
333,0.8299293525271946,71.07555555555555,1.0842714309692383,63.12999725341797
334,0.8347279212315877,70.88,0.9969768524169922,65.86999893188477
335,0.8266562554889255,70.97333333333333,1.1986533403396606,60.75999736785889
336,0.8297800338957044,70.83777777777777,1.0978987216949463,64.2799973487854
337,0.8320691966056823,71.02,1.135610818862915,61.58999800682068
338,0.8305100371466743,71.04888888888888,1.0492676496505737,64.41999673843384
339,0.8353990089946323,70.85333333333334,1.0442575216293335,65.49999713897705
340,0.8356408933586544,70.67777777777778,1.4364545345306396,53.72999906539917
341,0.8306515921221839,70.74,1.0796549320220947,63.179999589920044
342,0.8347594950146145,70.9,1.0898478031158447,63.510000705718994
343,0.8261024842739105,71.10666666666667,0.9711011648178101,66.86999797821045
344,0.8322224275800917,71.08,1.0935639142990112,62.65000104904175
345,0.8356754837142096,70.8488888888889,1.071176528930664,63.88999819755554
346,0.8339899201922947,70.73555555555555,0.9893369078636169,66.60000085830688
347,0.8273053009351095,70.89777777777778,1.011231780052185,65.84999561309814
348,0.82878877175649,70.99111111111111,1.0496066808700562,65.06999731063843
349,0.8363685098012288,70.80444444444444,1.1134543418884277,62.09999918937683
350,0.8291662972026401,70.97555555555556,1.057947039604187,63.999998569488525
351,0.8280601294358572,70.77555555555556,1.0031458139419556,66.40999913215637
352,0.8308744942453172,70.77777777777777,0.994658887386322,66.11999869346619
353,0.8329999719831679,70.83555555555556,1.0342603921890259,64.64999914169312
354,0.8314740515814887,70.92,0.9811878800392151,67.12999939918518
355,0.8295533170700073,70.8488888888889,1.106933355331421,62.80999779701233
356,0.8286282140096028,70.93555555555555,1.0238341093063354,64.819997549057
357,0.8241792452918159,71.06666666666666,1.0346832275390625,64.95000123977661
358,0.8284672280311585,71.00888888888889,0.9941943287849426,65.96999764442444
359,0.8304760637495253,70.95111111111112,1.1470897197723389,60.78000068664551
360,0.8325859657605489,70.96444444444444,0.9945011734962463,65.78999757766724
361,0.8357542950524224,70.87555555555555,1.3046404123306274,58.77999663352966
362,0.8379592659844293,70.91333333333333,1.0347496271133423,64.819997549057
363,0.8360166947258844,70.79555555555555,1.148931860923767,61.39000058174133
364,0.8307448457929824,71.14,1.142699956893921,60.78999638557434
365,0.8363093904707167,70.70666666666666,0.99918133020401,65.75999855995178
366,0.8272693087259928,71.34666666666666,1.0546618700027466,63.37000131607056
367,0.8304539903640747,70.99333333333334,1.0680779218673706,63.749998807907104
368,0.8285712066756354,71.17555555555556,1.141101598739624,61.229997873306274
369,0.8406981892267863,70.42222222222222,1.1660888195037842,60.04999876022339
370,0.833958384376102,70.89111111111112,1.035345435142517,65.39999842643738
371,0.8317141268836128,70.91555555555556,0.9902949929237366,65.77000021934509
372,0.8243052950541179,71.03333333333333,1.0119327306747437,65.24999737739563
373,0.8383710403230455,70.53555555555556,1.0284193754196167,64.51999545097351
374,0.8350211457994249,70.55555555555556,1.0721440315246582,63.339996337890625
375,0.8269423890855577,71.16222222222223,1.197138786315918,58.81999731063843
376,0.8305972604857551,70.99333333333334,1.1227566003799438,63.30999732017517
377,0.8379764031728109,70.7088888888889,1.0480666160583496,63.919997215270996
378,0.8330705919583639,70.88666666666667,1.0129207372665405,65.54999947547913
379,0.8268837286843194,71.10222222222222,1.0375794172286987,64.49999809265137
380,0.8254022464540269,71.0911111111111,0.9641709923744202,67.03999638557434
381,0.8322262436760797,70.86,1.1519869565963745,60.22999882698059
382,0.8252785441292657,70.95333333333333,1.0886380672454834,63.690000772476196
383,0.8290321779674954,70.88888888888889,1.093015193939209,63.16999793052673
384,0.8302507729848226,71.08888888888889,1.08684504032135,63.08000087738037
385,0.8340445009337532,70.80888888888889,1.0009194612503052,65.45000076293945
386,0.8264506151517232,71.14666666666666,1.038657307624817,64.5900011062622
387,0.820802171113756,71.19555555555556,0.9896667003631592,65.14999866485596
388,0.8220597544987996,71.32444444444444,0.9591549038887024,66.63999557495117
389,0.8293163931316799,70.89333333333333,0.9826589822769165,66.47999882698059
390,0.8286756999545627,70.97333333333333,0.9745677709579468,66.64999723434448
391,0.8266149440871344,71.11777777777777,1.0501708984375,64.23999667167664
392,0.8292616438123915,70.97111111111111,1.0093035697937012,65.03999829292297
393,0.8350878054089016,70.9888888888889,1.032241702079773,64.51999545097351
394,0.8325817164527045,71.1,1.0277849435806274,65.13999700546265
395,0.8331953218460083,70.86,0.9709674715995789,66.90999865531921
396,0.8240987175199721,71.1511111111111,0.9912113547325134,66.33999943733215
397,0.8249926730897692,71.13555555555556,1.07246732711792,62.6800000667572
398,0.8315463039186266,71.27777777777777,0.9629566669464111,66.38000011444092
399,0.8300013753679064,71.00444444444445,1.0063799619674683,65.97999930381775
400,0.8295910033967759,71.02666666666667,1.0434876680374146,63.690000772476196
401,0.8332264802508884,70.79333333333334,1.055493950843811,64.2799973487854
402,0.8310644537501864,71.07777777777778,1.0928847789764404,63.80999684333801
403,0.8262562248229981,71.17777777777778,1.035444974899292,64.25999999046326
404,0.8345017500771417,70.84222222222222,1.041931390762329,65.63000082969666
405,0.836748597823249,71.05555555555556,1.0849248170852661,63.69999647140503
406,0.8253794351259868,71.12444444444445,1.0306000709533691,64.71999883651733
407,0.826885744603475,71.15777777777778,1.236601710319519,58.28999876976013
408,0.8329544881820679,71.11333333333333,1.0356422662734985,64.2300009727478
409,0.8249209084828695,71.15333333333334,1.1542595624923706,62.73999810218811
410,0.8301297299596998,71.00222222222222,1.0126513242721558,66.20000004768372
411,0.8319341389550103,70.86,1.0347572565078735,64.80000019073486
412,0.8348535868962605,70.76,0.9881550669670105,66.26999974250793
413,0.8327945796807606,71.13111111111111,1.039557933807373,64.37000036239624
414,0.8303994878345066,70.91777777777777,1.0261954069137573,65.74999690055847
415,0.832294821050432,70.93333333333334,1.170138955116272,60.49000024795532
416,0.8212352820714315,71.35777777777778,1.0211708545684814,64.55999612808228
417,0.8239882768842909,71.07111111111111,1.048103928565979,63.76999616622925
418,0.8223710315598382,71.22888888888889,1.0165975093841553,65.5299961566925
419,0.8246894068082173,71.0111111111111,0.9836719036102295,65.88999629020691
420,0.8269117724736531,70.91555555555556,1.026429533958435,64.25999999046326
421,0.8237923686345419,70.94666666666667,1.1157081127166748,62.059998512268066
422,0.8315426157421536,70.87333333333333,1.0355406999588013,64.71999883651733
423,0.8284046410030789,71.13111111111111,1.0754677057266235,64.50999975204468
424,0.8341032784144083,70.85333333333334,1.0280176401138306,65.05999565124512
425,0.8337900000890096,70.9088888888889,1.1730705499649048,61.18999719619751
426,0.826815701007843,70.94888888888889,1.1140470504760742,62.36000061035156
427,0.8334212559594049,70.95555555555555,1.0900869369506836,63.60999941825867
428,0.8347413339826796,70.90444444444445,1.018001914024353,65.67999720573425
429,0.8231380720774333,71.35777777777778,1.0136040449142456,65.03999829292297
430,0.8254988144768609,71.34222222222222,1.104002833366394,63.409996032714844
431,0.8237996046066284,71.09333333333333,0.9842507839202881,66.22999906539917
432,0.8318403484026591,70.82666666666667,1.0865060091018677,62.540000677108765
433,0.8293394283718533,70.80222222222223,1.0493756532669067,64.44000005722046
434,0.832213566271464,70.77555555555556,1.0329666137695312,65.1699960231781
435,0.8295950307210287,70.93333333333334,0.9657391309738159,66.44999980926514
436,0.8263774903827243,71.1,1.0619577169418335,64.34999704360962
437,0.8277459072113037,71.09555555555555,0.996645987033844,65.96999764442444
438,0.8247852791044448,70.99333333333334,0.9870080351829529,66.45999550819397
439,0.8262483965608809,71.2,1.033890962600708,64.62000012397766
440,0.8252851826349894,71.09333333333333,0.9827808737754822,66.50999784469604
441,0.8313979871326023,70.99333333333334,1.042908787727356,63.62999677658081
442,0.8251346990797255,71.23333333333333,0.9925519824028015,65.65999984741211
443,0.8321615464316474,71.07333333333334,0.9590820074081421,67.40999817848206
444,0.8295361174477471,70.92888888888889,1.0682193040847778,64.59999680519104
445,0.8273493620978462,70.93111111111111,1.0738816261291504,64.24999833106995
446,0.8368732170952691,70.89555555555556,0.9896522164344788,65.81000089645386
447,0.8316530904452006,70.94888888888889,1.1160625219345093,62.129998207092285
448,0.8328804514249166,71.04444444444445,1.0952863693237305,62.790000438690186
449,0.8304175786230299,71.08444444444444,1.025397777557373,65.10999798774719
450,0.8435726193110148,70.50888888888889,1.2009987831115723,59.06999707221985
451,0.8403760928471883,70.68666666666667,0.9718925952911377,66.5399968624115
452,0.8302635706689623,70.97111111111111,1.0165419578552246,65.17999768257141
453,0.8247318175845676,71.48444444444445,1.0492724180221558,64.67999815940857
454,0.8383887963400947,70.77777777777777,1.014991044998169,65.21999835968018
455,0.8370878620200687,70.91555555555556,0.9565452933311462,67.08999872207642
456,0.8310838920593262,70.86888888888889,1.0998156070709229,62.97999620437622
457,0.8220251748402914,71.42666666666666,1.1629559993743896,61.239999532699585
458,0.8346876657379998,70.71555555555555,1.150495171546936,61.729997396469116
459,0.830299591562483,71.07777777777778,1.01081120967865,65.27999639511108
460,0.8271372864617241,71.10222222222222,0.973710834980011,66.26999974250793
461,0.8264145825915866,71.24888888888889,1.0504672527313232,64.78999853134155
462,0.8298167519357469,70.9,1.2617295980453491,60.13000011444092
463,0.8231679715368483,71.22222222222223,1.1674721240997314,61.399996280670166
464,0.8286842339197794,70.97111111111111,0.9893734455108643,66.60999655723572
465,0.8321303799947103,70.86444444444444,1.053456425666809,65.20999670028687
466,0.8235933760643005,71.00222222222222,1.143589973449707,62.55999803543091
467,0.8264570805443657,71.19333333333333,1.0584535598754883,64.12999629974365
468,0.8325111759821574,70.90666666666667,1.0188103914260864,64.2300009727478
469,0.8316977108637492,70.86888888888889,1.0508484840393066,64.0500009059906
470,0.826376904826694,71.14222222222222,1.089460015296936,63.019996881484985
471,0.8308291811625163,71.14,0.9873137474060059,65.52000045776367
472,0.834272587246365,70.56666666666666,1.0248113870620728,65.45999646186829
473,0.831650813653734,71.02222222222223,1.0442357063293457,65.34000039100647
474,0.8272329205830892,70.94444444444444,0.9706823229789734,67.40999817848206
475,0.8328164505110847,70.86222222222223,1.0240315198898315,64.8099958896637
476,0.8264185482766894,71.4,1.1294777393341064,62.220001220703125
477,0.8262434986114502,71.14666666666666,1.042930006980896,64.31999802589417
478,0.8261067912843493,71.29555555555555,1.0305837392807007,64.86999988555908
479,0.8254104423946804,71.0911111111111,0.9863226413726807,65.85999727249146
480,0.8260532175487942,70.95111111111112,1.035398006439209,65.24999737739563
481,0.8282009754604763,70.8,1.2044291496276855,60.53999662399292
482,0.8309932406743368,70.95777777777778,1.0696994066238403,64.51999545097351
483,0.8270530192905002,70.95111111111112,1.2149200439453125,59.289997816085815
484,0.8233498359839122,71.32444444444444,0.9872629046440125,64.77999687194824
485,0.8288071136050754,70.95777777777778,1.0726433992385864,63.88999819755554
486,0.8327457725471921,70.83555555555556,1.0683114528656006,63.999998569488525
487,0.8242846628295051,71.16666666666667,0.9441814422607422,67.26999878883362
488,0.828762758673562,71.05777777777777,1.055060625076294,64.42999839782715
489,0.8209709430694581,71.32222222222222,1.167000651359558,62.470000982284546
490,0.8254388556056552,71.14222222222222,1.0799641609191895,63.8700008392334
491,0.8324423592779372,70.78666666666666,1.170465111732483,60.78999638557434
492,0.821600280655755,71.16888888888889,1.0807287693023682,63.2099986076355
493,0.8376369067615933,70.89777777777778,1.0970845222473145,62.059998512268066
494,0.8383489947424995,70.64666666666666,1.0989532470703125,63.22000026702881
495,0.8253141723738776,71.17555555555556,1.0204644203186035,65.00999927520752
496,0.8277585695478651,70.91777777777777,1.002469539642334,65.45999646186829
497,0.8259143587112426,71.01333333333334,0.9578003883361816,67.5499975681305
498,0.8280056568993462,71.01555555555555,1.039794921875,64.48999643325806
499,0.8276854098214044,71.11333333333333,0.9550482630729675,66.72999858856201
500,0.8228176966349284,71.30666666666667,1.1407495737075806,62.18000054359436
