stage,generation,train_accuracy_percent,train_loss,test_accuracy_percent,test_loss
generation,0,14.350000023841858,61.033775329589844,13.189999759197235,61.41361999511719
generation,1,14.550000429153442,62.85700988769531,13.140000402927399,64.18270111083984
generation,2,14.850001037120819,68.36466217041016,12.749999761581421,71.67194366455078
generation,3,15.000000596046448,62.290523529052734,14.68999981880188,62.25809860229492
generation,4,15.450000762939453,60.05487060546875,14.350000023841858,61.34404373168945
generation,5,15.650001168251038,66.8045883178711,13.889999687671661,69.71461486816406
generation,6,14.500001072883606,65.86176300048828,14.299999177455902,64.41930389404297
generation,7,15.300001204013824,86.59642028808594,12.98999935388565,89.54835510253906
generation,8,15.350000560283661,58.12123107910156,13.830000162124634,58.67369842529297
generation,9,16.850000619888306,49.294002532958984,15.639999508857727,49.74521255493164
generation,10,15.850000083446503,62.223548889160156,13.56000006198883,63.7653694152832
generation,11,15.950000286102295,80.87193298339844,14.839999377727509,81.64956665039062
generation,12,15.650001168251038,65.50172424316406,14.85999971628189,65.50382232666016
generation,13,15.800000727176666,75.29341888427734,15.42000025510788,75.72949981689453
generation,14,17.250001430511475,100.93856811523438,16.71999990940094,99.97429656982422
generation,15,17.20000058412552,100.26459503173828,16.71999990940094,99.97429656982422
generation,16,17.45000034570694,97.91998291015625,16.71999990940094,99.97429656982422
generation,17,18.300001323223114,96.47799682617188,16.71999990940094,99.97429656982422
generation,18,15.950000286102295,56.46636199951172,16.019999980926514,56.49098205566406
generation,19,16.600000858306885,97.1001205444336,16.71999990940094,99.97429656982422
generation,20,16.450001299381256,49.33495330810547,15.289999544620514,50.40105056762695
generation,21,16.25000089406967,102.6563720703125,16.71999990940094,99.97429656982422
generation,22,18.35000067949295,99.31666564941406,16.71999990940094,99.97429656982422
generation,23,18.250000476837158,78.89618682861328,16.39000028371811,81.42144012451172
generation,24,17.500001192092896,98.18846893310547,16.71999990940094,99.97429656982422
generation,25,17.750000953674316,58.937713623046875,14.839999377727509,60.24412536621094
generation,26,16.65000021457672,57.471031188964844,17.719998955726624,57.613162994384766
generation,27,17.70000010728836,99.27873229980469,16.71999990940094,99.97429656982422
generation,28,17.9500013589859,58.435874938964844,17.719998955726624,57.613162994384766
generation,29,17.500001192092896,57.41136169433594,17.719998955726624,57.613162994384766
generation,30,18.50000023841858,65.45079803466797,16.049998998641968,69.06795501708984
generation,31,18.400001525878906,83.53046417236328,16.579999029636383,86.7279281616211
generation,32,18.450000882148743,85.27886199951172,16.65000021457672,88.37026977539062
generation,33,17.500001192092896,83.25698852539062,16.380000114440918,84.72737121582031
generation,34,18.150000274181366,86.85527801513672,16.579999029636383,86.7279281616211
generation,35,18.900001049041748,68.88914489746094,17.3799991607666,71.41802215576172
generation,36,18.950000405311584,83.04206848144531,17.70000010728836,83.43858337402344
generation,37,19.500000774860382,86.50391387939453,18.129999935626984,87.16902160644531
generation,38,19.300000369548798,81.28667449951172,17.899999022483826,80.70857238769531
generation,39,20.250001549720764,98.29434967041016,18.789999186992645,101.64033508300781
generation,40,21.300001442432404,80.36265563964844,19.249999523162842,84.00389099121094
generation,41,22.15000092983246,75.80608367919922,19.419999420642853,77.47268676757812
generation,42,20.750001072883606,80.8264389038086,19.429999589920044,82.53147888183594
generation,43,20.05000114440918,76.62250518798828,19.419999420642853,77.47268676757812
generation,44,21.20000123977661,86.59123229980469,19.919998943805695,87.37091827392578
generation,45,20.70000171661377,88.83428955078125,19.78999972343445,87.50289154052734
generation,46,22.300000488758087,85.50442504882812,20.3699991106987,88.37034606933594
generation,47,22.050000727176666,79.04241180419922,19.95999962091446,79.68273162841797
generation,48,21.650001406669617,88.49159240722656,20.989999175071716,87.29035186767578
generation,49,21.20000123977661,87.16547393798828,20.989999175071716,87.29035186767578
generation,50,21.50000035762787,80.34297180175781,20.61000019311905,80.77806091308594
generation,51,22.6500004529953,89.24787139892578,21.609999239444733,91.17745971679688
generation,52,21.75000160932541,78.08026885986328,20.679999887943268,76.63163757324219
generation,53,22.550001740455627,85.63823699951172,21.899999678134918,85.32129669189453
generation,54,23.850001394748688,81.40267181396484,21.709999442100525,82.43118286132812
generation,55,23.600001633167267,85.6274185180664,22.599999606609344,85.32411193847656
generation,56,24.150000512599945,86.6220474243164,21.959999203681946,86.08291625976562
generation,57,23.55000078678131,94.1379165649414,22.429999709129333,95.23982238769531
generation,58,24.10000115633011,79.96676635742188,22.15999960899353,84.30103302001953
generation,59,23.55000078678131,88.14414978027344,22.24999964237213,91.56229400634766
generation,60,22.50000089406967,85.80326843261719,22.299998998641968,83.54496765136719
generation,61,23.500001430511475,93.61737823486328,22.599999606609344,93.45529174804688
generation,62,24.150000512599945,81.85796356201172,23.36999922990799,83.0729751586914
generation,63,24.400001764297485,91.88705444335938,22.96999990940094,91.70298767089844
generation,64,25.50000250339508,92.7366943359375,23.719999194145203,94.22785186767578
generation,65,23.750001192092896,94.15267944335938,22.209998965263367,93.85040283203125
generation,66,24.950000643730164,91.90227508544922,23.719999194145203,94.22785186767578
generation,67,24.85000044107437,98.28772735595703,23.29999953508377,99.80753326416016
generation,68,24.150000512599945,99.01471710205078,23.78999888896942,95.80349731445312
generation,69,24.400001764297485,80.671630859375,24.619999527931213,81.0819091796875
generation,70,24.300001561641693,98.43898010253906,23.37999939918518,98.75238800048828
generation,71,24.550001323223114,90.30590057373047,23.749999701976776,89.47217559814453
generation,72,24.650001525878906,89.69499206542969,24.59999918937683,89.43505859375
generation,73,24.400001764297485,87.90914916992188,23.389999568462372,89.1672592163086
generation,74,24.950000643730164,83.56468200683594,23.909999430179596,84.12821197509766
generation,75,25.300002098083496,78.12669372558594,25.049999356269836,80.13179016113281
generation,76,25.600001215934753,83.8814926147461,23.909999430179596,84.12225341796875
generation,77,25.800001621246338,103.60078430175781,24.300000071525574,106.11973571777344
generation,78,26.399999856948853,85.06348419189453,24.809999763965607,85.08610534667969
generation,79,25.24999976158142,87.10740661621094,24.449999630451202,89.94629669189453
generation,80,26.750001311302185,81.46662902832031,24.809999763965607,85.08610534667969
generation,81,26.80000066757202,98.95228576660156,24.75999891757965,100.26229095458984
generation,82,26.350000500679016,91.247314453125,24.449999630451202,93.72711181640625
generation,83,25.200000405311584,89.46114349365234,25.119999051094055,89.28298950195312
generation,84,25.850000977516174,84.32418060302734,24.740000069141388,85.71727752685547
generation,85,26.450002193450928,87.2614974975586,25.38999915122986,89.45872497558594
generation,86,26.500001549720764,78.41383361816406,24.899999797344208,78.85157012939453
generation,87,27.549999952316284,85.87212371826172,25.099998712539673,88.24562072753906
generation,88,25.65000057220459,84.55484008789062,25.15999972820282,85.80209350585938
generation,89,26.95000171661377,84.2021484375,24.959999322891235,85.93326568603516
generation,90,27.549999952316284,86.38316345214844,25.14999806880951,88.9505844116211
generation,91,26.05000138282776,85.59075164794922,25.049999356269836,83.47248840332031
generation,92,26.250001788139343,96.1218032836914,25.769999623298645,95.64183807373047
generation,93,26.750001311302185,81.74185180664062,25.949999690055847,81.22669219970703
generation,94,26.100000739097595,79.09624481201172,25.839999318122864,78.07368469238281
generation,95,27.75000035762787,76.41166687011719,25.839999318122864,78.07368469238281
generation,96,26.450002193450928,81.6675796508789,25.38999915122986,80.84988403320312
generation,97,26.80000066757202,90.1406021118164,25.220000743865967,89.60447692871094
generation,98,27.45000123977661,84.97833251953125,26.06000006198883,85.97111511230469
generation,99,27.35000252723694,90.33573150634766,26.100000739097595,90.70893096923828
generation,100,27.700001001358032,90.1781997680664,26.100000739097595,90.70893096923828
generation,101,27.500000596046448,85.35095977783203,25.749999284744263,85.16715240478516
generation,102,28.65000069141388,91.84297943115234,26.089999079704285,95.11957550048828
generation,103,26.399999856948853,91.03790283203125,26.11999809741974,90.89572143554688
generation,104,26.650002598762512,82.09253692626953,26.649999618530273,82.01458740234375
generation,105,26.250001788139343,92.05551147460938,25.689998269081116,91.26885986328125
generation,106,26.750001311302185,83.50401306152344,25.7999986410141,83.29480743408203
generation,107,26.250001788139343,82.49708557128906,25.749999284744263,80.77255249023438
generation,108,28.200000524520874,82.77275848388672,26.010000705718994,84.01042175292969
generation,109,27.500000596046448,90.52944946289062,26.37999951839447,89.65807342529297
generation,110,26.850000023841858,94.25011444091797,25.97000002861023,94.62251281738281
generation,111,26.900002360343933,79.04497528076172,26.45999789237976,79.3510513305664
generation,112,27.650001645088196,86.53370666503906,26.37999951839447,87.81493377685547
generation,113,29.000002145767212,81.57039642333984,26.589998602867126,83.61582946777344
generation,114,28.150001168251038,87.55750274658203,26.37999951839447,89.572998046875
generation,115,28.150001168251038,86.9001693725586,26.28999948501587,88.17164611816406
generation,116,27.950000762939453,84.24331665039062,26.420000195503235,85.05339050292969
generation,117,26.600000262260437,81.50393676757812,26.809999346733093,81.24217987060547
generation,118,29.200002551078796,88.38607788085938,26.479998230934143,88.11346435546875
generation,119,28.300002217292786,82.50433349609375,26.69999897480011,81.999267578125
generation,120,27.950000762939453,79.9704818725586,26.60999894142151,79.96983337402344
generation,121,28.950002789497375,85.51201629638672,26.29999816417694,85.82686614990234
generation,122,28.40000092983246,85.97953796386719,27.320000529289246,86.47547149658203
generation,123,28.65000069141388,84.45203399658203,27.050000429153442,85.00177001953125
generation,124,29.200002551078796,83.63018035888672,27.19999849796295,84.14347839355469
generation,125,27.20000147819519,83.1598129272461,27.399998903274536,83.42277526855469
generation,126,27.100002765655518,80.72975158691406,27.68999934196472,80.11378479003906
generation,127,29.500001668930054,79.04611206054688,26.749998331069946,79.52347564697266
generation,128,29.05000150203705,82.34133911132812,27.079999446868896,84.08895111083984
generation,129,28.550001978874207,83.44405364990234,27.399998903274536,83.59947204589844
generation,130,28.850001096725464,80.39729309082031,27.12000012397766,80.75507354736328
generation,131,28.800001740455627,85.03237915039062,27.35999822616577,85.6631088256836
generation,132,27.549999952316284,88.16539764404297,27.18999981880188,86.79679870605469
generation,133,30.050000548362732,76.4874496459961,27.629998326301575,77.05352020263672
generation,134,28.850001096725464,71.65949249267578,27.379998564720154,71.9159927368164
generation,135,29.55000102519989,84.89691925048828,27.27999985218048,84.76439666748047
generation,136,28.40000092983246,84.9908676147461,27.08999812602997,83.72586059570312
generation,137,28.50000262260437,83.12601470947266,27.84000039100647,84.2495346069336
generation,138,28.350001573562622,82.60396575927734,27.27999985218048,82.173583984375
generation,139,30.60000240802765,77.90117645263672,27.12000012397766,80.49957275390625
generation,140,29.100000858306885,73.15673065185547,27.169999480247498,75.71017456054688
generation,141,28.600001335144043,85.81555938720703,27.309998869895935,85.98826599121094
generation,142,26.5500009059906,74.45893859863281,27.879998087882996,72.02478790283203
generation,143,29.399999976158142,83.22323608398438,27.33999788761139,82.99732208251953
generation,144,28.350001573562622,77.68488311767578,27.969998121261597,75.77871704101562
generation,145,29.450002312660217,75.90178680419922,27.4399995803833,77.21833038330078
generation,146,30.250000953674316,74.9690170288086,27.719998359680176,75.68311309814453
generation,147,28.300002217292786,76.30718994140625,27.609997987747192,76.50292205810547
generation,148,30.20000159740448,80.50885772705078,27.82999873161316,81.70475769042969
generation,149,29.200002551078796,68.00772094726562,27.649998664855957,69.02397155761719
generation,150,29.15000021457672,70.9217529296875,27.4399995803833,71.32181549072266
generation,151,27.250000834465027,77.20056915283203,27.789998054504395,74.52801513671875
generation,152,29.750001430511475,75.98976135253906,28.020000457763672,75.88333892822266
generation,153,28.00000011920929,81.51168060302734,27.91000008583069,80.44906616210938
generation,154,29.399999976158142,78.46321105957031,27.799999713897705,79.34022521972656
generation,155,29.700002074241638,75.5436782836914,27.91000008583069,74.20330810546875
generation,156,29.200002551078796,70.57144165039062,27.950000762939453,71.32270812988281
generation,157,28.24999988079071,73.12275695800781,28.039997816085815,75.04229736328125
generation,158,30.150002241134644,77.4319839477539,28.07999849319458,78.49665069580078
generation,159,29.05000150203705,72.77526092529297,28.24999988079071,73.98945617675781
generation,160,29.600000381469727,78.25910949707031,27.950000762939453,77.99256134033203
generation,161,30.60000240802765,74.98711395263672,28.049999475479126,77.2805404663086
generation,162,31.450000405311584,73.5158920288086,27.91999876499176,77.81243133544922
generation,163,28.850001096725464,78.66204071044922,28.15999984741211,76.26556396484375
generation,164,30.700001120567322,75.5451889038086,28.579998016357422,77.20462799072266
generation,165,29.450002312660217,69.9242172241211,28.270000219345093,70.2458724975586
generation,166,29.30000126361847,75.41294860839844,28.529998660087585,74.30397033691406
generation,167,30.150002241134644,70.24369812011719,28.349998593330383,70.48063659667969
generation,168,29.6500027179718,78.58081817626953,28.65999937057495,77.15055847167969
generation,169,29.500001668930054,72.04811096191406,28.79999876022339,71.01805877685547
generation,170,28.450000286102295,71.89022064208984,28.669998049736023,72.31392669677734
generation,171,28.700000047683716,68.90137481689453,28.81999909877777,68.82282257080078
generation,172,31.150001287460327,71.91234588623047,28.999999165534973,71.988525390625
generation,173,31.90000057220459,69.43087768554688,28.56999933719635,73.1051254272461
generation,174,30.100002884864807,69.7332992553711,28.56999933719635,70.64759826660156
generation,175,31.00000023841858,68.86284637451172,28.999999165534973,69.68489074707031
generation,176,30.000001192092896,65.07669830322266,29.039999842643738,64.27733612060547
generation,177,29.700002074241638,73.23826599121094,28.18000018596649,70.59373474121094
generation,178,32.55000114440918,63.34873962402344,29.20999825000763,67.63385772705078
generation,179,28.450000286102295,72.23301696777344,29.22999858856201,69.38069915771484
generation,180,29.6500027179718,65.21476745605469,29.649999737739563,63.659454345703125
generation,181,31.65000081062317,70.90644073486328,28.599998354911804,72.17725372314453
generation,182,30.100002884864807,67.11101531982422,28.88999879360199,67.23176574707031
generation,183,30.950000882148743,70.33367156982422,28.31999957561493,69.77780151367188
generation,184,31.65000081062317,67.27437591552734,29.350000619888306,67.57154083251953
generation,185,31.75000250339508,67.94525909423828,29.029998183250427,68.01229095458984
generation,186,31.850001215934753,65.87784576416016,29.179999232292175,69.10811614990234
generation,187,29.850000143051147,67.71031188964844,29.350000619888306,67.57154083251953
generation,188,30.950000882148743,60.833675384521484,29.989999532699585,61.92668151855469
generation,189,30.20000159740448,65.41410827636719,30.12000024318695,65.82199096679688
generation,190,31.850001215934753,67.9545669555664,30.050000548362732,67.39886474609375
generation,191,31.50000274181366,68.19993591308594,29.510000348091125,67.28949737548828
generation,192,32.350000739097595,64.49848937988281,30.480000376701355,65.24334716796875
generation,193,31.700000166893005,58.983516693115234,30.51999807357788,61.05793762207031
generation,194,30.85000216960907,66.51569366455078,29.749998450279236,64.81275177001953
generation,195,31.65000081062317,68.90259552001953,30.329999327659607,65.37379455566406
generation,196,31.050002574920654,67.66370391845703,29.979997873306274,67.34273529052734
generation,197,31.200000643730164,66.42705535888672,30.140000581741333,65.35554504394531
generation,198,32.100000977516174,67.32247924804688,30.959999561309814,67.28413391113281
generation,199,32.0000022649765,58.7159423828125,31.059998273849487,60.96211242675781
generation,200,32.8000009059906,57.62989044189453,31.059998273849487,60.96211242675781
generation,201,32.350000739097595,60.18256378173828,31.32999837398529,61.97353744506836
generation,202,31.90000057220459,64.9354248046875,30.879998207092285,63.8759765625
generation,203,32.45000243186951,65.090087890625,30.949997901916504,64.57283782958984
generation,204,34.65000092983246,60.79523849487305,31.32999837398529,61.97353744506836
generation,205,32.8000009059906,63.418434143066406,31.259998679161072,64.09759521484375
generation,206,33.45000147819519,62.47053146362305,31.450000405311584,65.12273406982422
generation,207,33.1000030040741,60.89535140991211,31.41999840736389,62.18502426147461
generation,208,33.95000100135803,61.43613815307617,31.309998035430908,62.033687591552734
generation,209,30.950000882148743,66.4003677368164,31.81000053882599,61.8648681640625
generation,210,31.400001049041748,65.94188690185547,31.25,64.59139251708984
generation,211,33.15000236034393,65.81340026855469,31.689998507499695,64.84473419189453
generation,212,32.350000739097595,68.90775299072266,31.81999921798706,67.58260345458984
generation,213,33.60000252723694,60.5882453918457,31.299999356269836,62.94449996948242
generation,214,33.35000276565552,63.75739288330078,31.450000405311584,65.07121276855469
generation,215,35.05000174045563,57.84609603881836,31.709998846054077,60.435787200927734
generation,216,31.550002098083496,68.65390014648438,31.73999786376953,64.79485321044922
generation,217,33.000001311302185,66.52781677246094,31.41999840736389,65.74247741699219
generation,218,31.550002098083496,61.63894271850586,32.11999833583832,59.815006256103516
generation,219,32.90000259876251,58.836891174316406,31.790000200271606,58.90391159057617
generation,220,33.50000083446503,62.34124755859375,31.619998812675476,61.684574127197266
generation,221,32.0000022649765,58.0839729309082,31.679999828338623,59.36882400512695
generation,222,33.75000059604645,60.144893646240234,31.929999589920044,60.26475524902344
generation,223,31.600001454353333,63.60041809082031,31.259998679161072,61.98835754394531
generation,224,33.95000100135803,57.329891204833984,32.11999833583832,59.90571212768555
generation,225,35.350000858306885,61.00457763671875,32.099997997283936,61.03193664550781
generation,226,33.60000252723694,57.77348709106445,32.2299987077713,59.126792907714844
generation,227,35.9000027179718,55.12178421020508,32.2299987077713,59.126792907714844
generation,228,35.1500004529953,60.93755340576172,31.689998507499695,62.292842864990234
generation,229,33.05000066757202,59.53333282470703,32.40000009536743,60.07022476196289
generation,230,32.600000500679016,63.45167922973633,32.76999890804291,61.01034927368164
generation,231,35.350000858306885,57.770172119140625,32.61999785900116,59.44526290893555
generation,232,33.85000228881836,61.950958251953125,32.54999816417694,62.10539245605469
generation,233,34.90000069141388,58.91120147705078,32.69000053405762,61.74540710449219
generation,234,31.850001215934753,63.67060852050781,32.71999955177307,60.157981872558594
generation,235,35.05000174045563,55.13076400756836,32.61999785900116,58.28144836425781
generation,236,33.30000042915344,61.193504333496094,32.999998331069946,59.79191207885742
generation,237,34.00000035762787,61.632633209228516,33.309999108314514,61.63117980957031
generation,238,33.35000276565552,58.358707427978516,32.670000195503235,58.138031005859375
generation,239,34.300002455711365,54.30302429199219,32.64999985694885,57.062843322753906
generation,240,34.10000205039978,61.64439392089844,33.16999971866608,61.32485580444336
generation,241,34.25000309944153,58.56264877319336,33.21999907493591,57.067726135253906
generation,242,35.600000619888306,57.56098937988281,32.829999923706055,59.276607513427734
generation,243,35.450002551078796,61.20335388183594,33.309999108314514,61.63117980957031
generation,244,33.95000100135803,57.92698669433594,33.149999380111694,57.980812072753906
generation,245,34.90000069141388,62.07263946533203,33.34999978542328,62.73869323730469
generation,246,33.85000228881836,57.565940856933594,33.10999870300293,56.395267486572266
generation,247,35.95000207424164,53.9301872253418,33.76999795436859,56.15167999267578
generation,248,36.15000247955322,61.5880012512207,33.16999971866608,62.4384880065918
generation,249,34.80000197887421,56.63546371459961,33.19999873638153,58.1099739074707
generation,250,33.20000171661377,57.54388427734375,33.139997720718384,56.99098587036133
generation,251,32.8000009059906,57.79364013671875,33.640000224113464,58.60037612915039
generation,252,32.85000026226044,61.922149658203125,33.5099995136261,58.93344497680664
generation,253,35.00000238418579,52.096988677978516,34.119999408721924,55.401100158691406
generation,254,34.20000076293945,56.1429443359375,33.25999975204468,57.05153274536133
generation,255,35.65000295639038,56.81460189819336,33.91000032424927,57.95481872558594
generation,256,34.50000286102295,60.1647834777832,33.91000032424927,59.74593734741211
generation,257,34.85000133514404,61.462100982666016,34.039998054504395,61.23049545288086
generation,258,35.55000126361847,57.85748291015625,33.84999930858612,59.41423034667969
generation,259,33.95000100135803,59.19027328491211,33.969998359680176,58.638057708740234
generation,260,33.900001645088196,60.47107696533203,33.789998292922974,58.04274368286133
generation,261,35.50000190734863,59.0033073425293,34.049999713897705,58.5816764831543
generation,262,34.50000286102295,57.85748291015625,34.05999839305878,57.9671516418457
generation,263,35.55000126361847,56.190589904785156,33.809998631477356,55.562767028808594
generation,264,35.1500004529953,57.37236785888672,34.119999408721924,58.65728759765625
generation,265,34.700000286102295,58.954795837402344,34.37999784946442,58.53684997558594
generation,266,34.700000286102295,53.81801223754883,34.10999774932861,54.24222946166992
generation,267,35.25000214576721,52.85264205932617,34.10999774932861,54.24222946166992
generation,268,35.85000038146973,58.89237976074219,34.46999788284302,57.430931091308594
generation,269,35.25000214576721,55.7687873840332,34.25999879837036,56.53524398803711
generation,270,35.85000038146973,57.154441833496094,34.71999764442444,58.54311752319336
generation,271,36.100003123283386,58.175376892089844,34.369999170303345,57.48072052001953
generation,272,35.750001668930054,54.46953201293945,34.46999788284302,56.6895866394043
generation,273,35.9000027179718,56.364845275878906,34.34999883174896,58.31316375732422
generation,274,36.15000247955322,55.817745208740234,34.50999855995178,56.38120651245117
generation,275,36.85000240802765,56.64211654663086,33.84999930858612,58.54662322998047
generation,276,34.20000076293945,58.661373138427734,34.14999842643738,56.72232437133789
generation,277,33.45000147819519,58.59703063964844,34.67999994754791,57.05144500732422
generation,278,35.65000295639038,58.610084533691406,34.25000011920929,58.463661193847656
generation,279,36.250001192092896,55.3216438293457,34.139999747276306,56.33246994018555
generation,280,33.900001645088196,59.8447265625,34.38999950885773,57.29800033569336
generation,281,37.700000405311584,52.3165168762207,34.450000524520874,55.237548828125
generation,282,35.9000027179718,53.472373962402344,34.6699982881546,56.13966369628906
generation,283,37.550002336502075,56.3992919921875,34.450000524520874,57.08234405517578
generation,284,36.000001430511475,54.722354888916016,34.450000524520874,55.237548828125
generation,285,36.500000953674316,54.82332992553711,34.529998898506165,54.96172332763672
generation,286,36.7000013589859,57.18799591064453,34.65999960899353,57.415367126464844
generation,287,36.000001430511475,55.82173156738281,34.769999980926514,56.33791732788086
generation,288,37.40000128746033,58.586143493652344,34.65999960899353,58.869686126708984
generation,289,37.450000643730164,54.76620101928711,34.7599983215332,55.094757080078125
generation,290,35.350000858306885,54.31081008911133,34.32999849319458,52.794376373291016
generation,291,35.05000174045563,57.223533630371094,34.689998626708984,55.66944885253906
generation,292,35.80000102519989,53.758182525634766,34.98999774456024,54.46644973754883
generation,293,36.05000078678131,55.56334686279297,34.50999855995178,56.142845153808594
generation,294,37.150001525878906,52.977901458740234,34.59999859333038,55.974430084228516
generation,295,36.55000030994415,54.032493591308594,34.81999933719635,54.71652603149414
generation,296,36.100003123283386,56.20674133300781,34.73999798297882,56.173439025878906
generation,297,35.600000619888306,56.76185607910156,34.2199981212616,57.162620544433594
generation,298,38.15000057220459,53.50897216796875,34.80999767780304,55.52546310424805
generation,299,37.35000193119049,55.35169982910156,35.06999909877777,56.96433639526367
generation,300,37.10000216960907,56.33118438720703,34.849998354911804,58.27630615234375
generation,301,35.65000295639038,59.27720260620117,35.11999845504761,58.873138427734375
generation,302,37.20000088214874,58.49468994140625,35.2400004863739,57.298038482666016
generation,303,35.00000238418579,54.71970748901367,34.59999859333038,55.34904861450195
generation,304,37.60000169277191,52.94209289550781,34.91999804973602,55.63188934326172
generation,305,36.20000183582306,57.47330856323242,35.04000008106232,55.36408233642578
generation,306,36.45000159740448,53.41478729248047,35.24999916553497,55.842288970947266
generation,307,36.75000071525574,57.97883987426758,35.019999742507935,56.25819396972656
generation,308,37.75000274181366,54.72270584106445,35.13000011444092,56.55220031738281
generation,309,36.05000078678131,56.89568328857422,35.40999889373779,56.667510986328125
generation,310,36.15000247955322,56.637123107910156,34.790000319480896,56.84288024902344
generation,311,36.85000240802765,53.716896057128906,34.71999764442444,55.20753860473633
generation,312,34.700000286102295,59.971275329589844,34.98999774456024,59.45317459106445
generation,313,36.55000030994415,55.175533294677734,35.099998116493225,55.20232391357422
generation,314,37.150001525878906,53.767906188964844,35.07999777793884,54.657806396484375
generation,315,36.250001192092896,57.742801666259766,34.860000014305115,58.38559341430664
generation,316,38.15000057220459,50.68027114868164,34.92999970912933,53.62215805053711
generation,317,37.550002336502075,55.43996810913086,35.27999818325043,55.41106414794922
generation,318,37.50000298023224,56.45893096923828,35.179999470710754,55.8622932434082
generation,319,36.15000247955322,55.6276741027832,35.22999882698059,56.1887321472168
generation,320,35.85000038146973,57.64082336425781,35.259997844696045,55.22202682495117
generation,321,36.400002241134644,56.0655517578125,35.179999470710754,56.70336151123047
generation,322,36.100003123283386,56.1380500793457,35.38999855518341,55.591156005859375
generation,323,37.300002574920654,54.24165725708008,35.4200005531311,56.699974060058594
generation,324,35.80000102519989,57.681861877441406,35.27999818325043,56.85552978515625
generation,325,36.650002002716064,55.61965560913086,35.13999879360199,56.69004821777344
generation,326,36.35000288486481,56.64353561401367,35.670000314712524,57.87405014038086
generation,327,35.85000038146973,53.157169342041016,35.54999828338623,55.16516876220703
generation,328,37.75000274181366,53.014312744140625,35.35999953746796,54.66614532470703
generation,329,36.500000953674316,55.246788024902344,35.52999794483185,55.827125549316406
generation,330,37.25000321865082,55.718658447265625,35.53999960422516,55.6216926574707
generation,331,36.900001764297485,56.23823547363281,35.45999825000763,57.14539337158203
generation,332,36.35000288486481,54.0223274230957,35.4200005531311,54.66242599487305
generation,333,36.400002241134644,58.42889404296875,35.69999933242798,56.00520706176758
generation,334,36.45000159740448,55.73699951171875,34.97999906539917,55.485538482666016
generation,335,36.95000112056732,53.06966781616211,35.64999997615814,53.9239387512207
generation,336,36.20000183582306,53.861839294433594,35.64999997615814,53.9239387512207
generation,337,37.700000405311584,52.43721389770508,35.31999886035919,54.05414962768555
generation,338,37.150001525878906,53.03208923339844,35.49000024795532,55.325836181640625
generation,339,36.60000264644623,55.23459243774414,35.29999852180481,55.13711929321289
generation,340,38.600000739097595,53.08909225463867,35.999998450279236,54.10222625732422
generation,341,38.00000250339508,53.83619689941406,35.69999933242798,55.23402404785156
generation,342,37.950003147125244,57.111759185791016,35.760000348091125,57.140079498291016
generation,343,37.35000193119049,54.94779968261719,35.749998688697815,55.07693862915039
generation,344,37.90000081062317,53.69990539550781,35.989999771118164,55.55232620239258
generation,345,38.95000219345093,54.31394577026367,35.96999943256378,54.93375015258789
generation,346,36.400002241134644,53.30350875854492,36.010000109672546,54.812461853027344
generation,347,37.150001525878906,51.74524688720703,35.839998722076416,54.636207580566406
generation,348,35.80000102519989,55.25368118286133,36.1299991607666,52.932010650634766
generation,349,38.600000739097595,52.46108627319336,36.1299991607666,53.98374557495117
generation,350,36.20000183582306,53.877235412597656,36.329999566078186,55.025299072265625
generation,351,37.60000169277191,52.51083755493164,35.22000014781952,54.18445587158203
generation,352,37.20000088214874,54.37748718261719,36.329999566078186,55.025299072265625
generation,353,37.25000321865082,54.399837493896484,36.1299991607666,55.1833610534668
generation,354,37.00000047683716,51.29757308959961,36.19000017642975,51.60822677612305
generation,355,36.60000264644623,53.88139724731445,36.19999885559082,53.067562103271484
generation,356,37.20000088214874,52.67945098876953,36.01999878883362,52.90903091430664
generation,357,36.80000305175781,52.029296875,36.28999888896942,52.2740364074707
generation,358,37.35000193119049,52.44686508178711,36.12000048160553,52.823123931884766
generation,359,39.650002121925354,49.78221130371094,36.04999780654907,53.26409912109375
generation,360,37.65000104904175,51.694087982177734,36.319997906684875,52.56916809082031
generation,361,37.50000298023224,54.04604721069336,36.389997601509094,54.116661071777344
generation,362,39.70000147819519,49.88776779174805,36.03000044822693,53.062530517578125
generation,363,39.000001549720764,50.720069885253906,36.03000044822693,55.45258712768555
generation,364,38.65000307559967,47.401676177978516,36.10999882221222,51.41441345214844
generation,365,38.600000739097595,53.894039154052734,36.879998445510864,54.65711212158203
generation,366,38.15000057220459,50.89716720581055,35.839998722076416,51.97378158569336
generation,367,37.800002098083496,51.87547302246094,36.52999997138977,52.461273193359375
generation,368,37.800002098083496,51.427242279052734,36.239999532699585,51.312232971191406
generation,369,37.75000274181366,54.471439361572266,36.559998989105225,54.39802551269531
generation,370,40.10000228881836,52.14020919799805,36.26999855041504,52.88701248168945
generation,371,37.60000169277191,52.750606536865234,36.46999895572662,55.00152587890625
generation,372,37.50000298023224,55.274906158447266,36.13999783992767,55.13334274291992
generation,373,36.400002241134644,55.33039855957031,36.49999797344208,54.26467514038086
generation,374,38.15000057220459,53.74592590332031,36.479997634887695,54.583892822265625
generation,375,38.75000178813934,55.24174880981445,36.489999294281006,54.91988754272461
generation,376,37.00000047683716,54.78513717651367,36.37999892234802,53.00048828125
generation,377,39.000001549720764,54.549827575683594,36.10999882221222,54.34199905395508
generation,378,38.90000283718109,54.82398986816406,36.169999837875366,56.703468322753906
generation,379,36.20000183582306,55.19658279418945,36.159998178482056,54.2333984375
generation,380,37.700000405311584,54.08057403564453,36.28000020980835,55.07240676879883
generation,381,36.500000953674316,55.03171157836914,36.49999797344208,56.5069580078125
generation,382,36.900001764297485,55.91667175292969,36.53999865055084,54.31928634643555
generation,383,36.60000264644623,53.91691589355469,36.24999821186066,55.357120513916016
generation,384,36.400002241134644,56.764835357666016,36.24999821186066,55.858463287353516
generation,385,37.300002574920654,54.8823127746582,36.55000030994415,54.589073181152344
generation,386,37.90000081062317,53.34096145629883,36.62999868392944,54.68390655517578
generation,387,37.800002098083496,54.1518440246582,36.55000030994415,55.254642486572266
generation,388,35.450002551078796,54.6730842590332,36.37999892234802,53.78556823730469
generation,389,36.35000288486481,55.90731430053711,36.229997873306274,54.06279373168945
generation,390,38.200002908706665,54.359378814697266,36.149999499320984,54.5413703918457
generation,391,36.80000305175781,53.17552947998047,36.890000104904175,52.25702667236328
generation,392,38.15000057220459,54.40430450439453,36.890000104904175,55.63954544067383
generation,393,40.700000524520874,52.23897933959961,36.24999821186066,55.377811431884766
generation,394,38.600000739097595,54.24918746948242,36.58999800682068,56.19179916381836
generation,395,36.95000112056732,52.022586822509766,36.34999990463257,53.43840026855469
generation,396,38.600000739097595,53.68705368041992,36.46000027656555,52.542755126953125
generation,397,39.40000236034393,54.29428482055664,36.69999837875366,54.37977981567383
generation,398,39.500001072883606,52.406368255615234,37.00000047683716,53.43893814086914
generation,399,38.80000114440918,52.13190841674805,36.559998989105225,54.312076568603516
generation,400,38.850000500679016,50.386138916015625,36.649999022483826,52.16586685180664
generation,401,39.650002121925354,50.28700637817383,36.71000003814697,53.29574966430664
generation,402,37.450000643730164,53.162689208984375,36.649999022483826,53.229976654052734
generation,403,37.20000088214874,55.019901275634766,37.00999915599823,53.28751754760742
generation,404,38.40000033378601,53.32590103149414,36.28999888896942,53.7796745300293
generation,405,36.900001764297485,53.967647552490234,37.0199978351593,53.53851318359375
generation,406,38.350000977516174,56.0592041015625,36.879998445510864,55.591636657714844
generation,407,37.85000145435333,52.94657897949219,36.35999858379364,51.27951431274414
generation,408,39.000001549720764,52.399295806884766,36.66999936103821,53.436973571777344
generation,409,37.300002574920654,57.377235412597656,36.67999804019928,55.55181884765625
generation,410,37.450000643730164,53.59172058105469,36.559998989105225,52.206504821777344
generation,411,40.150001645088196,47.18041229248047,37.57999837398529,50.49490737915039
generation,412,38.05000185966492,53.33451843261719,36.86999976634979,51.950679779052734
generation,413,39.70000147819519,51.4244499206543,37.039998173713684,52.73015594482422
generation,414,38.350000977516174,53.36891555786133,36.77999973297119,54.712425231933594
generation,415,38.450002670288086,51.181522369384766,36.76999807357788,52.49547576904297
generation,416,39.85000252723694,48.82308578491211,36.84999942779541,51.992958068847656
generation,417,38.2500022649765,55.623252868652344,37.299999594688416,54.34872055053711
generation,418,38.90000283718109,52.13322830200195,37.049999833106995,53.077392578125
generation,419,38.350000977516174,54.33127212524414,37.09999918937683,53.086360931396484
generation,420,39.900001883506775,52.08184051513672,37.25000023841858,53.285667419433594
generation,421,38.600000739097595,50.81591033935547,36.78999841213226,51.88972091674805
generation,422,38.10000121593475,52.206878662109375,36.78999841213226,51.88972091674805
generation,423,38.2500022649765,57.2534294128418,36.809998750686646,57.33556365966797
generation,424,37.550002336502075,55.61351776123047,37.059998512268066,54.804744720458984
generation,425,37.60000169277191,52.537845611572266,36.59999966621399,52.039337158203125
generation,426,38.30000162124634,53.61250305175781,36.67999804019928,54.41618728637695
generation,427,38.850000500679016,50.597503662109375,36.820000410079956,50.959022521972656
generation,428,39.75000083446503,49.21905517578125,37.209999561309814,51.8302001953125
generation,429,37.60000169277191,50.3480110168457,37.00999915599823,51.69770812988281
generation,430,39.500001072883606,49.28706359863281,37.209999561309814,51.6959114074707
generation,431,38.850000500679016,52.91032791137695,37.09999918937683,52.976619720458984
generation,432,37.150001525878906,51.733829498291016,37.18000054359436,50.485591888427734
generation,433,39.3500030040741,51.27908706665039,36.959999799728394,52.61028289794922
generation,434,39.15000259876251,52.40977096557617,37.18999922275543,52.43582534790039
generation,435,38.75000178813934,54.18122482299805,36.82999908924103,53.931095123291016
generation,436,37.950003147125244,52.309810638427734,37.09000051021576,52.41337585449219
generation,437,37.50000298023224,54.7006721496582,37.02999949455261,53.18065643310547
generation,438,38.80000114440918,51.385074615478516,37.209999561309814,52.640987396240234
generation,439,39.0500009059906,53.485382080078125,37.09000051021576,53.11453628540039
generation,440,38.600000739097595,52.45270538330078,37.1099978685379,52.147708892822266
generation,441,39.20000195503235,51.48677062988281,36.91999912261963,52.19302749633789
generation,442,38.350000977516174,52.54417037963867,37.1099978685379,52.147708892822266
generation,443,37.20000088214874,55.9577522277832,37.25999891757965,53.993568420410156
generation,444,39.000001549720764,53.899696350097656,36.879998445510864,55.72053146362305
generation,445,38.70000243186951,53.134971618652344,37.43999898433685,53.381595611572266
generation,446,39.15000259876251,52.40838623046875,37.02999949455261,51.04392623901367
generation,447,38.200002908706665,55.2445068359375,37.359997630119324,54.14842987060547
generation,448,38.10000121593475,54.52375030517578,37.09000051021576,52.71049880981445
generation,449,38.15000057220459,55.719547271728516,37.11999952793121,53.699344635009766
generation,450,38.2500022649765,52.6556510925293,36.959999799728394,52.0391731262207
generation,451,39.000001549720764,51.2664680480957,37.2299998998642,53.30828857421875
generation,452,38.40000033378601,51.529624938964844,37.3199999332428,51.710113525390625
generation,453,39.60000276565552,52.96290588378906,37.43000030517578,52.386436462402344
generation,454,39.3500030040741,52.459678649902344,37.27999925613403,52.06944274902344
generation,455,39.500001072883606,50.88983917236328,37.34999895095825,51.86082077026367
generation,456,39.650002121925354,51.00385284423828,37.48999834060669,52.30168914794922
generation,457,38.10000121593475,53.473453521728516,37.39999830722809,51.992279052734375
generation,458,38.95000219345093,52.15099334716797,36.91999912261963,52.94118881225586
generation,459,38.65000307559967,54.56291198730469,37.219998240470886,54.50014877319336
generation,460,37.950003147125244,52.20487976074219,37.66999840736389,51.51278305053711
generation,461,40.65000116825104,48.72321701049805,37.199997901916504,52.85034942626953
generation,462,37.800002098083496,50.99329376220703,37.619999051094055,51.00584411621094
generation,463,38.90000283718109,50.472652435302734,37.4099999666214,50.427978515625
generation,464,38.90000283718109,54.2590217590332,36.86999976634979,53.500701904296875
generation,465,39.650002121925354,52.168418884277344,37.73999810218811,51.82633972167969
generation,466,40.00000059604645,48.30694580078125,37.4099999666214,50.37077713012695
generation,467,39.40000236034393,49.885379791259766,37.459999322891235,53.663612365722656
generation,468,38.15000057220459,47.5499382019043,37.43000030517578,48.42162322998047
generation,469,39.0500009059906,51.29901885986328,37.43999898433685,51.89643096923828
generation,470,40.150001645088196,50.79902648925781,37.0199978351593,52.1167106628418
generation,471,39.0500009059906,49.65586853027344,37.449997663497925,51.06708526611328
generation,472,40.150001645088196,49.33189392089844,37.1099978685379,49.38715362548828
generation,473,39.60000276565552,48.9881477355957,37.92999982833862,50.00209045410156
generation,474,39.30000066757202,50.836761474609375,37.549999356269836,51.62019348144531
generation,475,38.65000307559967,53.003883361816406,37.539997696876526,52.0813102722168
generation,476,38.95000219345093,52.59138107299805,37.61000037193298,52.24680709838867
generation,477,39.8000031709671,50.3996696472168,37.89999783039093,51.2491455078125
generation,478,39.85000252723694,53.913612365722656,37.700000405311584,53.185699462890625
generation,479,40.150001645088196,49.12698745727539,37.50999867916107,51.16249084472656
generation,480,39.900001883506775,50.88239669799805,37.47999966144562,51.967281341552734
generation,481,40.65000116825104,48.52133560180664,37.52000033855438,51.7321891784668
generation,482,39.650002121925354,52.31745147705078,38.019999861717224,52.202064514160156
generation,483,39.40000236034393,52.20363235473633,37.529999017715454,52.84028625488281
generation,484,40.75000286102295,50.0229606628418,37.66999840736389,52.4299201965332
generation,485,40.75000286102295,48.920658111572266,38.019999861717224,52.202064514160156
generation,486,40.45000076293945,49.27091979980469,38.040000200271606,52.454193115234375
generation,487,40.75000286102295,52.11848831176758,37.6800000667572,54.99897384643555
generation,488,39.15000259876251,50.410430908203125,37.97999918460846,51.98295211791992
generation,489,39.250001311302185,50.6829948425293,37.89999783039093,50.42879104614258
generation,490,38.350000977516174,54.42646408081055,37.7700001001358,52.88106918334961
generation,491,38.70000243186951,51.993438720703125,37.939998507499695,52.39764404296875
generation,492,39.70000147819519,49.326011657714844,37.97999918460846,51.30556869506836
generation,493,39.85000252723694,53.501495361328125,37.039998173713684,52.14255142211914
generation,494,37.800002098083496,52.02872085571289,37.369999289512634,53.17936325073242
generation,495,39.0500009059906,53.76119613647461,38.07999789714813,53.28954315185547
generation,496,39.70000147819519,50.509361267089844,37.97000050544739,51.15738296508789
generation,497,41.200003027915955,48.818511962890625,37.860000133514404,50.33173370361328
generation,498,39.40000236034393,48.90052032470703,37.55999803543091,51.47490310668945
generation,499,39.20000195503235,49.05059814453125,37.97999918460846,49.4838981628418
generation,500,40.05000293254852,49.11650466918945,37.689998745918274,48.978023529052734
generation,501,40.40000140666962,50.37376403808594,37.97000050544739,51.36119842529297
generation,502,39.85000252723694,50.77170181274414,37.65999972820282,52.4916877746582
generation,503,39.95000123977661,50.89909744262695,37.43000030517578,51.94529342651367
generation,504,38.75000178813934,50.461612701416016,37.11999952793121,51.56527328491211
generation,505,40.6000018119812,51.03417205810547,37.689998745918274,51.42295455932617
generation,506,39.75000083446503,50.84191131591797,37.43000030517578,51.829872131347656
generation,507,38.70000243186951,49.04831314086914,37.66999840736389,50.49422836303711
generation,508,38.40000033378601,51.46611785888672,37.25999891757965,51.66189193725586
generation,509,38.90000283718109,51.17623519897461,37.59999871253967,51.183990478515625
generation,510,37.65000104904175,51.95713806152344,37.25000023841858,50.65924072265625
generation,511,38.850000500679016,53.19589614868164,37.549999356269836,53.533843994140625
generation,512,39.100003242492676,50.98857116699219,37.97999918460846,50.237545013427734
generation,513,42.1500027179718,52.17700958251953,37.75999844074249,53.82396697998047
generation,514,40.150001645088196,48.599178314208984,38.15999925136566,51.9304084777832
generation,515,40.800002217292786,48.29481506347656,37.75999844074249,50.17525863647461
generation,516,37.85000145435333,49.06090545654297,37.75999844074249,48.8497428894043
generation,517,39.15000259876251,52.26042938232422,38.24999928474426,50.17815399169922
generation,518,39.70000147819519,52.216487884521484,38.06999921798706,51.92024230957031
generation,519,39.650002121925354,51.416263580322266,38.13000023365021,52.691680908203125
generation,520,40.50000309944153,53.765907287597656,38.15999925136566,52.8577995300293
generation,521,40.700000524520874,50.74295425415039,38.28999996185303,51.13142013549805
generation,522,38.450002670288086,52.2583122253418,37.98999786376953,51.70231628417969
generation,523,38.65000307559967,53.466007232666016,37.5900000333786,52.69904327392578
generation,524,39.3500030040741,51.97323226928711,38.05999755859375,52.980079650878906
generation,525,39.40000236034393,51.51029586791992,37.869998812675476,52.44132614135742
generation,526,39.900001883506775,53.31877517700195,37.99999952316284,53.397525787353516
generation,527,41.65000319480896,46.785762786865234,37.6800000667572,50.625797271728516
generation,528,42.30000078678131,47.08305740356445,37.79999911785126,50.644744873046875
generation,529,37.550002336502075,50.655982971191406,38.269999623298645,49.18830108642578
generation,530,39.30000066757202,52.23569869995117,37.98999786376953,51.781097412109375
generation,531,39.500001072883606,53.38345718383789,38.109999895095825,53.17985534667969
generation,532,39.3500030040741,50.11066818237305,37.7700001001358,51.177860260009766
generation,533,37.950003147125244,52.527854919433594,38.08999955654144,51.23597717285156
generation,534,41.10000133514404,48.6267204284668,37.95999884605408,50.50287628173828
generation,535,40.00000059604645,49.079994201660156,37.66999840736389,49.794918060302734
generation,536,39.100003242492676,53.00757598876953,37.83999979496002,52.17333984375
generation,537,39.000001549720764,51.451351165771484,37.89999783039093,52.58003234863281
generation,538,40.20000100135803,51.532039642333984,38.189998269081116,53.19792938232422
generation,539,40.300002694129944,51.22614288330078,38.040000200271606,52.756813049316406
generation,540,38.65000307559967,53.58718490600586,38.13999891281128,51.77574157714844
generation,541,38.30000162124634,52.526615142822266,37.98999786376953,52.052555084228516
generation,542,41.00000262260437,49.43741226196289,38.13999891281128,51.52439498901367
generation,543,39.15000259876251,51.72935104370117,37.98999786376953,51.61701583862305
generation,544,39.60000276565552,52.67180633544922,38.08999955654144,52.71813201904297
generation,545,38.350000977516174,51.39462661743164,38.24999928474426,50.61703109741211
generation,546,39.70000147819519,49.21520233154297,38.2099986076355,49.89740753173828
generation,547,41.10000133514404,47.87486267089844,37.790000438690186,51.156002044677734
generation,548,41.05000197887421,52.76432418823242,38.28999996185303,53.791236877441406
generation,549,39.650002121925354,50.06581497192383,38.24999928474426,51.64840316772461
generation,550,40.50000309944153,49.79347610473633,37.95999884605408,51.3197135925293
generation,551,40.35000205039978,52.17878723144531,38.349997997283936,51.751224517822266
generation,552,38.850000500679016,51.78129196166992,38.189998269081116,51.260189056396484
generation,553,38.200002908706665,52.42308807373047,38.199999928474426,52.781593322753906
generation,554,41.95000231266022,49.42043685913086,37.95999884605408,52.82466125488281
generation,555,38.80000114440918,51.864810943603516,38.040000200271606,52.32982635498047
generation,556,40.300002694129944,51.4499397277832,38.49000036716461,51.055694580078125
generation,557,41.450002789497375,48.5720100402832,37.539997696876526,51.09265899658203
generation,558,40.150001645088196,47.54034423828125,38.019999861717224,49.40446853637695
generation,559,41.00000262260437,52.7235107421875,38.099998235702515,52.21839904785156
generation,560,40.75000286102295,49.6987190246582,38.509997725486755,50.444480895996094
generation,561,39.20000195503235,50.53983688354492,38.22000026702881,52.10055160522461
generation,562,39.75000083446503,47.59432601928711,38.019999861717224,49.93992614746094
generation,563,39.40000236034393,52.63963317871094,38.509997725486755,51.475826263427734
generation,564,40.50000309944153,50.05818176269531,38.22000026702881,51.353214263916016
generation,565,42.40000247955322,46.969051361083984,38.05999755859375,50.16863250732422
generation,566,38.15000057220459,52.465545654296875,37.88000047206879,51.07322692871094
generation,567,40.20000100135803,49.8155403137207,38.2999986410141,50.79404830932617
generation,568,40.45000076293945,44.6798210144043,38.189998269081116,48.61901092529297
generation,569,39.650002121925354,53.494529724121094,38.429999351501465,52.3234977722168
generation,570,40.150001645088196,49.46224594116211,38.14999759197235,51.49456024169922
generation,571,39.70000147819519,51.75593566894531,38.31999897956848,52.5468864440918
generation,572,41.50000214576721,50.01316452026367,37.98999786376953,50.377525329589844
generation,573,39.60000276565552,52.694847106933594,38.040000200271606,51.90544128417969
generation,574,39.8000031709671,46.55363845825195,38.2999986410141,47.80179977416992
generation,575,41.00000262260437,50.13591003417969,38.029998540878296,51.078311920166016
generation,576,40.65000116825104,46.852012634277344,37.88999915122986,50.06058883666992
generation,577,39.70000147819519,49.86960983276367,38.3899986743927,50.483917236328125
generation,578,39.15000259876251,51.57604217529297,38.589999079704285,49.920188903808594
generation,579,40.20000100135803,48.30491638183594,38.189998269081116,48.75083923339844
generation,580,39.900001883506775,51.417449951171875,38.349997997283936,51.379249572753906
generation,581,39.100003242492676,49.75043869018555,38.179999589920044,49.29202651977539
generation,582,38.65000307559967,52.044776916503906,38.189998269081116,50.58423614501953
generation,583,40.700000524520874,51.7767448425293,38.519999384880066,52.186031341552734
generation,584,41.50000214576721,50.11662292480469,38.27999830245972,52.135101318359375
generation,585,40.10000228881836,51.76611328125,38.519999384880066,51.66035461425781
generation,586,39.20000195503235,50.36165237426758,38.27999830245972,50.689212799072266
generation,587,40.6000018119812,49.4149284362793,38.5699987411499,51.10630798339844
generation,588,39.75000083446503,50.924434661865234,38.019999861717224,50.45923614501953
generation,589,40.10000228881836,50.452232360839844,38.31000030040741,50.876617431640625
generation,590,40.25000333786011,49.099666595458984,38.31000030040741,49.31132888793945
generation,591,41.15000069141388,52.56671142578125,38.429999351501465,52.202266693115234
generation,592,40.35000205039978,51.603660583496094,38.599997758865356,51.780426025390625
generation,593,39.3500030040741,53.156394958496094,37.90999948978424,52.027069091796875
generation,594,39.95000123977661,51.23997497558594,38.31000030040741,51.71818923950195
generation,595,39.75000083446503,51.48107147216797,38.36999833583832,51.589385986328125
generation,596,39.0500009059906,53.73240661621094,38.830000162124634,52.68778610229492
generation,597,40.25000333786011,48.64085388183594,38.68999779224396,49.735321044921875
generation,598,40.35000205039978,48.72806930541992,38.44999969005585,49.516170501708984
generation,599,40.300002694129944,47.039100646972656,38.69999945163727,48.29258728027344
generation,600,42.40000247955322,47.684410095214844,38.32999765872955,50.9205436706543
generation,601,39.000001549720764,51.00716018676758,38.5699987411499,49.08308792114258
generation,602,39.75000083446503,50.819549560546875,38.589999079704285,51.1065673828125
generation,603,40.35000205039978,49.16426467895508,38.269999623298645,48.81410598754883
generation,604,39.55000042915344,53.05942916870117,38.589999079704285,51.1065673828125
generation,605,39.70000147819519,50.108917236328125,38.13000023365021,48.998199462890625
generation,606,39.75000083446503,47.64638900756836,38.15999925136566,48.438201904296875
generation,607,42.9500013589859,45.60820007324219,38.2999986410141,50.77919006347656
generation,608,41.40000343322754,50.272647857666016,38.359999656677246,51.16032409667969
generation,609,39.15000259876251,51.651580810546875,38.189998269081116,50.611061096191406
generation,610,39.40000236034393,49.94633102416992,38.029998540878296,49.65999221801758
generation,611,41.55000150203705,52.20588302612305,38.47000002861023,51.636287689208984
generation,612,39.500001072883606,50.36500930786133,38.49000036716461,50.12724685668945
generation,613,41.65000319480896,49.36350631713867,38.78999948501587,50.91181182861328
generation,614,38.75000178813934,51.497825622558594,38.359999656677246,49.79639434814453
generation,615,39.000001549720764,52.46624755859375,38.71999979019165,51.84389877319336
generation,616,41.25000238418579,51.453617095947266,38.5699987411499,51.24678421020508
generation,617,41.700002551078796,48.12968826293945,38.43999803066254,49.27437973022461
generation,618,41.850000619888306,46.287269592285156,38.6599987745285,48.91267395019531
generation,619,40.85000157356262,49.1117057800293,38.52999806404114,49.793922424316406
generation,620,40.950003266334534,52.002952575683594,38.56000006198883,51.74167251586914
generation,621,39.900001883506775,50.74338150024414,38.32999765872955,50.760250091552734
generation,622,41.65000319480896,48.02098846435547,39.02999758720398,49.49380874633789
generation,623,39.650002121925354,48.827186584472656,38.47000002861023,49.35912322998047
generation,624,39.40000236034393,51.22852325439453,38.65000009536743,50.571144104003906
generation,625,39.900001883506775,51.02983856201172,38.4799987077713,50.369083404541016
generation,626,41.55000150203705,47.65788650512695,38.63999843597412,50.007286071777344
generation,627,40.700000524520874,51.69300079345703,38.24999928474426,51.93092346191406
generation,628,40.800002217292786,50.25899887084961,38.679999113082886,51.409690856933594
generation,629,40.6000018119812,49.966888427734375,38.519999384880066,50.127079010009766
generation,630,40.25000333786011,50.10395431518555,38.37999999523163,50.09893798828125
generation,631,39.650002121925354,52.07925796508789,38.22000026702881,50.521575927734375
generation,632,39.60000276565552,48.93141174316406,38.499999046325684,49.93305969238281
generation,633,42.30000078678131,48.8531494140625,38.63999843597412,50.53670883178711
generation,634,40.65000116825104,49.10808181762695,38.749998807907104,49.69476318359375
generation,635,41.450002789497375,50.897796630859375,38.2999986410141,51.31003952026367
generation,636,39.75000083446503,49.92501449584961,38.65000009536743,50.017822265625
generation,637,39.55000042915344,50.866519927978516,39.28000032901764,50.28345489501953
generation,638,40.05000293254852,50.49996566772461,38.830000162124634,48.57461929321289
generation,639,40.20000100135803,50.399559020996094,37.95999884605408,50.75064468383789
generation,640,41.450002789497375,48.84657287597656,38.589999079704285,49.88754653930664
generation,641,38.850000500679016,50.37686538696289,38.830000162124634,49.713287353515625
generation,642,40.85000157356262,49.676734924316406,38.94999921321869,51.78801727294922
generation,643,42.9500013589859,46.23934555053711,38.69999945163727,50.389652252197266
generation,644,39.3500030040741,50.46388626098633,38.58000040054321,48.359886169433594
generation,645,41.15000069141388,48.30881881713867,38.71999979019165,49.134395599365234
generation,646,41.50000214576721,50.05994415283203,38.81999850273132,50.35863494873047
generation,647,39.000001549720764,51.283538818359375,38.40999901294708,49.859291076660156
generation,648,39.45000171661377,52.62907028198242,38.79999816417694,50.88357925415039
generation,649,40.800002217292786,48.17372512817383,39.069998264312744,48.937049865722656
generation,650,40.05000293254852,51.82900619506836,38.31999897956848,51.43064498901367
generation,651,39.85000252723694,50.316341400146484,38.87999951839447,49.95133590698242
generation,652,42.350003123283386,48.807716369628906,38.749998807907104,49.674015045166016
generation,653,40.6000018119812,48.7409782409668,39.26999866962433,49.775794982910156
generation,654,41.90000295639038,49.13309860229492,38.85999917984009,49.960289001464844
generation,655,39.0500009059906,51.276546478271484,39.159998297691345,49.8930778503418
generation,656,40.40000140666962,50.84732437133789,38.749998807907104,50.59837341308594
generation,657,41.10000133514404,50.952030181884766,39.12999927997589,51.5772819519043
generation,658,39.8000031709671,49.96770095825195,38.94999921321869,50.29059982299805
generation,659,40.6000018119812,50.095340728759766,39.079999923706055,49.2856330871582
generation,660,39.500001072883606,54.835018157958984,38.760000467300415,53.20637512207031
generation,661,39.0500009059906,52.700191497802734,38.72999846935272,50.793907165527344
generation,662,42.000001668930054,51.062652587890625,38.74000012874603,51.0606689453125
generation,663,39.650002121925354,51.577571868896484,39.069998264312744,49.51325225830078
generation,664,40.85000157356262,52.652801513671875,38.53999972343445,52.076934814453125
generation,665,39.30000066757202,52.63455581665039,38.40000033378601,50.585235595703125
generation,666,42.20000207424164,49.26103210449219,38.999998569488525,50.29738235473633
generation,667,40.40000140666962,50.76138687133789,38.65000009536743,49.830787658691406
generation,668,41.350001096725464,51.415950775146484,38.49000036716461,51.59967041015625
generation,669,39.95000123977661,52.33332824707031,38.94999921321869,51.94579315185547
generation,670,40.700000524520874,51.691192626953125,38.850000500679016,51.849082946777344
generation,671,40.700000524520874,49.66167449951172,39.079999923706055,50.02299499511719
generation,672,40.90000092983246,49.06167984008789,39.229997992515564,51.603816986083984
generation,673,40.950003266334534,52.215179443359375,38.839998841285706,51.770530700683594
generation,674,40.65000116825104,51.75545883178711,39.10999894142151,50.237632751464844
generation,675,40.800002217292786,49.67525100708008,38.72999846935272,49.72654724121094
generation,676,40.20000100135803,51.360435485839844,39.35000002384186,49.58466339111328
generation,677,40.00000059604645,53.34623336791992,39.29999768733978,51.12080383300781
generation,678,39.900001883506775,51.52708435058594,38.70999813079834,51.2769889831543
generation,679,43.00000071525574,48.8305778503418,39.05999958515167,51.8969612121582
generation,680,42.650002241134644,49.29205322265625,38.97999823093414,51.15615463256836
generation,681,39.15000259876251,52.06806945800781,39.11999762058258,50.435142517089844
generation,682,38.850000500679016,54.33467483520508,38.85999917984009,52.953460693359375
generation,683,39.75000083446503,53.46501922607422,38.87999951839447,51.693355560302734
generation,684,40.700000524520874,49.14519500732422,38.95999789237976,49.583683013916016
generation,685,39.8000031709671,50.037410736083984,38.54999840259552,50.071083068847656
generation,686,40.85000157356262,51.489505767822266,39.10000026226044,51.85401153564453
generation,687,41.65000319480896,51.347591400146484,39.05999958515167,52.01190948486328
generation,688,40.950003266334534,51.81049346923828,38.40000033378601,51.67249298095703
generation,689,40.300002694129944,51.23134231567383,39.19999897480011,49.44606399536133
generation,690,40.950003266334534,52.9873046875,39.10000026226044,51.01435852050781
generation,691,41.05000197887421,51.372859954833984,39.20999765396118,51.850467681884766
generation,692,41.95000231266022,49.73897933959961,39.079999923706055,50.90578079223633
generation,693,41.80000126361847,51.797428131103516,39.11999762058258,51.52238464355469
generation,694,40.150001645088196,53.925418853759766,38.78999948501587,53.0414924621582
generation,695,40.10000228881836,53.096099853515625,38.830000162124634,51.670536041259766
generation,696,40.05000293254852,53.59453201293945,39.319998025894165,52.56863021850586
generation,697,42.500001192092896,49.36822509765625,39.28000032901764,51.2418212890625
generation,698,41.40000343322754,51.713096618652344,39.069998264312744,52.226661682128906
generation,699,41.00000262260437,50.66758728027344,39.239999651908875,50.48360061645508
generation,700,40.35000205039978,51.654544830322266,38.58000040054321,51.55006408691406
generation,701,41.700002551078796,48.7585563659668,38.94999921321869,48.362205505371094
generation,702,42.750000953674316,49.49446487426758,39.169999957084656,50.49919891357422
generation,703,38.80000114440918,53.1618537902832,39.079999923706055,50.29437255859375
generation,704,41.30000174045563,50.294471740722656,38.71999979019165,52.98320770263672
generation,705,43.90000104904175,49.87742233276367,39.239999651908875,53.45549392700195
generation,706,41.10000133514404,50.3956413269043,39.239999651908875,50.98884963989258
generation,707,41.95000231266022,50.054195404052734,39.399999380111694,50.61299514770508
generation,708,42.60000288486481,49.64094161987305,39.28999900817871,52.93851089477539
generation,709,41.05000197887421,55.2351188659668,39.319998025894165,53.382869720458984
generation,710,41.25000238418579,47.42383575439453,39.01999890804291,50.50437927246094
generation,711,40.40000140666962,50.0157585144043,39.04999792575836,50.235923767089844
generation,712,40.6000018119812,53.34595489501953,39.319998025894165,53.382869720458984
generation,713,40.6000018119812,49.98191833496094,39.25999999046326,49.63469314575195
generation,714,41.25000238418579,52.6773681640625,38.60999941825867,52.71165466308594
generation,715,42.30000078678131,49.83001708984375,39.13999795913696,49.74912643432617
generation,716,39.500001072883606,50.88602066040039,39.26999866962433,49.588680267333984
generation,717,42.40000247955322,48.259300231933594,38.87999951839447,50.11066818237305
generation,718,42.000001668930054,47.10163116455078,38.999998569488525,48.42275619506836
generation,719,41.700002551078796,48.03700637817383,39.159998297691345,49.72465896606445
generation,720,41.95000231266022,50.45930862426758,39.229997992515564,51.256614685058594
generation,721,42.30000078678131,49.03762435913086,38.92999887466431,50.236915588378906
generation,722,40.90000092983246,48.49588394165039,38.999998569488525,49.23527526855469
generation,723,41.600000858306885,52.680519104003906,39.26999866962433,52.17985153198242
generation,724,41.80000126361847,50.83851623535156,39.159998297691345,51.448448181152344
generation,725,40.50000309944153,51.6368522644043,39.010000228881836,51.505859375
generation,726,40.20000100135803,51.915287017822266,39.04999792575836,51.04069137573242
generation,727,39.3500030040741,54.91736602783203,39.25999999046326,51.18100357055664
generation,728,42.05000102519989,49.560489654541016,39.29999768733978,50.630489349365234
generation,729,42.60000288486481,49.40754699707031,39.12999927997589,50.934627532958984
generation,730,42.55000054836273,48.840232849121094,39.249998331069946,49.744808197021484
generation,731,40.300002694129944,47.902828216552734,38.72999846935272,48.262210845947266
generation,732,39.95000123977661,52.3927001953125,38.92999887466431,51.34282684326172
generation,733,40.85000157356262,50.89268493652344,39.37000036239624,51.39055633544922
generation,734,39.000001549720764,55.364723205566406,38.920000195503235,52.98348617553711
generation,735,40.75000286102295,53.02435302734375,38.65000009536743,52.7890739440918
generation,736,41.10000133514404,50.37400817871094,38.95999789237976,51.083106994628906
generation,737,40.550002455711365,50.70000076293945,39.079999923706055,51.37977981567383
generation,738,41.50000214576721,52.46409606933594,39.159998297691345,52.33270263671875
generation,739,41.15000069141388,53.3818473815918,39.159998297691345,52.33270263671875
generation,740,41.30000174045563,52.659915924072266,39.37999904155731,51.92422866821289
generation,741,41.30000174045563,53.42243194580078,39.19000029563904,53.39469528198242
generation,742,41.00000262260437,53.651187896728516,38.95999789237976,52.526824951171875
generation,743,41.15000069141388,51.645782470703125,39.329999685287476,52.009521484375
generation,744,41.40000343322754,50.688865661621094,39.229997992515564,50.59418869018555
generation,745,41.10000133514404,51.4355354309082,39.44999873638153,51.4949951171875
generation,746,40.6000018119812,55.754859924316406,39.03999924659729,52.34114456176758
generation,747,40.35000205039978,51.1623420715332,39.35999870300293,51.547142028808594
generation,748,41.80000126361847,47.92980194091797,39.28999900817871,50.59931182861328
generation,749,41.75000190734863,51.3129997253418,39.41999971866608,52.97675704956055
generation,750,42.20000207424164,49.75828552246094,39.809998869895935,50.61752700805664
generation,751,41.40000343322754,51.176536560058594,39.42999839782715,50.20970153808594
generation,752,42.100003361701965,49.5244140625,39.12999927997589,49.78338623046875
generation,753,42.500001192092896,48.596343994140625,39.569997787475586,48.735496520996094
generation,754,40.35000205039978,57.48970413208008,39.19999897480011,54.82161331176758
generation,755,41.850000619888306,52.98759078979492,39.329999685287476,53.05867004394531
generation,756,40.800002217292786,49.68247985839844,39.479997754096985,50.59760665893555
generation,757,41.05000197887421,55.209739685058594,39.10999894142151,52.727806091308594
generation,758,41.10000133514404,51.86166000366211,39.58999812602997,52.425193786621094
generation,759,40.35000205039978,52.55380630493164,38.95999789237976,52.051300048828125
generation,760,42.20000207424164,51.46651077270508,39.03999924659729,54.264373779296875
generation,761,42.40000247955322,49.52241134643555,39.55000042915344,52.49338150024414
generation,762,41.75000190734863,53.117801666259766,39.719998836517334,52.902469635009766
generation,763,42.40000247955322,52.30775451660156,39.76999819278717,53.33700180053711
generation,764,43.2500034570694,48.2231330871582,40.0299996137619,53.69618225097656
generation,765,41.30000174045563,49.8826789855957,39.37999904155731,52.04647445678711
generation,766,42.750000953674316,52.133201599121094,39.65999782085419,51.87156677246094
generation,767,41.50000214576721,50.56273651123047,39.65999782085419,51.87156677246094
generation,768,41.40000343322754,53.75332260131836,39.980000257492065,53.94992446899414
generation,769,41.450002789497375,52.8756217956543,39.739999175071716,51.349971771240234
generation,770,44.15000081062317,49.608802795410156,39.78999853134155,52.9784049987793
generation,771,43.10000240802765,50.08077621459961,40.230000019073486,52.143192291259766
generation,772,41.700002551078796,51.063899993896484,39.64000046253204,51.37990188598633
generation,773,41.50000214576721,54.277523040771484,39.7599995136261,53.35374450683594
generation,774,40.25000333786011,52.32080078125,40.0299996137619,51.933345794677734
generation,775,42.100003361701965,52.49470520019531,39.53000009059906,53.4503173828125
generation,776,43.00000071525574,49.33892059326172,39.6699994802475,52.27372741699219
generation,777,42.750000953674316,52.94719314575195,39.71000015735626,52.37590408325195
generation,778,43.00000071525574,51.027652740478516,39.67999815940857,51.65162658691406
generation,779,41.15000069141388,52.128318786621094,39.71000015735626,51.34123611450195
generation,780,42.05000102519989,50.63539123535156,39.64000046253204,50.52273178100586
generation,781,42.500001192092896,48.65765380859375,39.409998059272766,52.07588195800781
generation,782,42.500001192092896,49.81328201293945,39.85999822616577,51.897430419921875
generation,783,42.55000054836273,47.442935943603516,39.28999900817871,49.7244873046875
generation,784,43.45000088214874,47.575191497802734,39.890000224113464,50.648712158203125
generation,785,41.65000319480896,50.32939910888672,39.55000042915344,50.11753845214844
generation,786,42.85000264644623,51.60578918457031,39.85999822616577,52.10847091674805
generation,787,42.100003361701965,51.04399490356445,40.00999927520752,51.4918212890625
generation,788,41.450002789497375,50.78797149658203,39.399999380111694,51.64767074584961
generation,789,42.40000247955322,50.18893814086914,39.67999815940857,50.85329818725586
generation,790,39.85000252723694,49.68132781982422,40.07999897003174,50.737064361572266
generation,791,42.650002241134644,52.649356842041016,39.409998059272766,51.971885681152344
generation,792,41.65000319480896,52.078758239746094,39.649999141693115,52.10285568237305
generation,793,40.90000092983246,48.934532165527344,39.53999876976013,49.52548599243164
generation,794,41.350001096725464,51.153961181640625,39.51999843120575,51.1558837890625
generation,795,40.10000228881836,50.919761657714844,39.20999765396118,50.09677505493164
generation,796,41.10000133514404,52.19075393676758,40.139999985694885,51.05612564086914
generation,797,42.900002002716064,51.97493362426758,39.85999822616577,52.296207427978516
generation,798,41.850000619888306,51.77665328979492,39.85999822616577,52.42023849487305
generation,799,39.650002121925354,55.78757095336914,40.0299996137619,52.654048919677734
generation,800,42.900002002716064,50.952598571777344,40.0299996137619,51.6865234375
generation,801,40.6000018119812,51.413429260253906,39.809998869895935,50.684207916259766
generation,802,41.200003027915955,48.76826477050781,40.23999869823456,49.52701950073242
generation,803,44.40000355243683,49.612117767333984,39.559999108314514,52.490718841552734
generation,804,42.250001430511475,47.35234451293945,40.039998292922974,49.723388671875
generation,805,42.100003361701965,50.57060241699219,40.14999866485596,52.917625427246094
generation,806,41.350001096725464,48.6951904296875,39.35000002384186,49.8887939453125
generation,807,41.15000069141388,49.117088317871094,40.23999869823456,49.793495178222656
generation,808,42.100003361701965,48.920440673828125,39.6699994802475,51.22965621948242
generation,809,40.10000228881836,52.38450241088867,39.19999897480011,52.19948959350586
generation,810,43.65000128746033,51.071067810058594,39.35999870300293,50.14063262939453
generation,811,42.9500013589859,51.83982467651367,39.76999819278717,53.28207015991211
generation,812,40.800002217292786,53.26039505004883,39.37000036239624,52.954856872558594
generation,813,42.40000247955322,47.39638900756836,39.82999920845032,48.414546966552734
generation,814,42.30000078678131,48.570003509521484,39.729997515678406,50.353851318359375
generation,815,42.80000329017639,46.392311096191406,40.0299996137619,47.50200271606445
generation,816,42.05000102519989,49.06509780883789,39.42999839782715,49.778892517089844
generation,817,40.800002217292786,48.35211944580078,39.83999788761139,48.475799560546875
generation,818,41.40000343322754,50.0476188659668,39.85999822616577,50.23819351196289
generation,819,42.30000078678131,47.92435073852539,39.7599995136261,49.162261962890625
generation,820,41.30000174045563,50.29498291015625,39.91999924182892,50.355201721191406
generation,821,42.9500013589859,49.18732452392578,39.50999975204468,50.554935455322266
generation,822,41.55000150203705,49.92659378051758,39.30999934673309,50.96955108642578
generation,823,42.000001668930054,49.5097541809082,39.5799994468689,49.59104537963867
generation,824,41.15000069141388,50.44085693359375,39.83999788761139,50.12196350097656
generation,825,42.45000183582306,47.782562255859375,39.68999981880188,50.49787521362305
generation,826,42.70000159740448,52.968467712402344,39.59999978542328,51.83222198486328
generation,827,42.650002241134644,49.02589416503906,40.049999952316284,49.637420654296875
generation,828,41.450002789497375,48.709007263183594,40.07000029087067,49.0288200378418
generation,829,41.05000197887421,50.442745208740234,39.8499995470047,51.11068344116211
generation,830,43.65000128746033,47.33430480957031,39.969998598098755,50.6878662109375
generation,831,43.20000112056732,48.9250373840332,40.14999866485596,50.880252838134766
generation,832,43.35000216960907,50.734779357910156,39.86999988555908,51.67725372314453
generation,833,42.05000102519989,49.249046325683594,39.81999754905701,48.67564010620117
generation,834,41.30000174045563,49.79924774169922,40.1199996471405,49.69056701660156
generation,835,40.700000524520874,51.42298126220703,40.16000032424927,52.15037536621094
generation,836,41.65000319480896,48.0474853515625,39.94999825954437,49.84253692626953
generation,837,43.2500034570694,47.92457962036133,40.07999897003174,50.814212799072266
generation,838,42.650002241134644,49.46103286743164,39.85999822616577,51.70481491088867
generation,839,42.900002002716064,51.316890716552734,39.90999758243561,51.03764724731445
generation,840,40.75000286102295,52.74806213378906,40.23999869823456,50.972652435302734
generation,841,42.05000102519989,50.7009391784668,40.00999927520752,52.06902313232422
generation,842,42.9500013589859,49.56624984741211,39.729997515678406,50.062618255615234
generation,843,41.75000190734863,49.46318054199219,40.07999897003174,49.36461639404297
generation,844,40.85000157356262,52.83734893798828,39.879998564720154,50.543121337890625
generation,845,42.750000953674316,50.9127311706543,39.62999880313873,50.79071044921875
generation,846,41.850000619888306,46.561927795410156,40.00999927520752,48.749549865722656
generation,847,41.80000126361847,49.52561569213867,39.890000224113464,50.71452331542969
generation,848,42.9500013589859,47.21138000488281,39.46000039577484,48.98876190185547
generation,849,44.450002908706665,48.2495231628418,39.82999920845032,50.592567443847656
generation,850,41.30000174045563,50.991390228271484,39.729997515678406,50.699668884277344
generation,851,42.60000288486481,49.47248840332031,40.01999795436859,50.952392578125
generation,852,41.00000262260437,49.01582717895508,39.569997787475586,48.64948272705078
generation,853,41.200003027915955,50.86399841308594,40.23999869823456,49.68256378173828
generation,854,40.950003266334534,51.319358825683594,40.07000029087067,50.179744720458984
generation,855,41.90000295639038,52.148860931396484,40.0299996137619,50.78431701660156
generation,856,42.900002002716064,49.462398529052734,39.899998903274536,49.966617584228516
generation,857,42.900002002716064,50.94514083862305,39.80000019073486,51.774688720703125
generation,858,43.50000321865082,52.785499572753906,39.879998564720154,52.88662338256836
generation,859,42.900002002716064,49.26682662963867,40.059998631477356,49.614070892333984
generation,860,43.10000240802765,48.71126937866211,39.6699994802475,50.6617317199707
generation,861,42.30000078678131,49.725006103515625,40.129998326301575,49.08317184448242
generation,862,42.45000183582306,52.5168342590332,39.91999924182892,52.64276123046875
generation,863,42.80000329017639,49.78303909301758,40.219998359680176,52.38349533081055
generation,864,43.75000298023224,48.17848205566406,39.95999991893768,50.5079345703125
generation,865,42.45000183582306,50.59297180175781,39.91999924182892,50.48987579345703
generation,866,43.2500034570694,50.16891098022461,40.01999795436859,50.76060485839844
generation,867,41.600000858306885,49.727142333984375,40.230000019073486,51.59370040893555
generation,868,40.700000524520874,52.5351448059082,40.01999795436859,50.994285583496094
generation,869,41.50000214576721,50.26579666137695,39.879998564720154,51.009029388427734
generation,870,43.2500034570694,47.75596618652344,39.98999893665314,50.456546783447266
generation,871,43.20000112056732,48.55332946777344,39.69999849796295,49.734466552734375
generation,872,42.80000329017639,50.71461868286133,40.18999934196472,51.14362716674805
generation,873,40.90000092983246,51.01696014404297,39.980000257492065,50.023311614990234
generation,874,44.00000274181366,51.36500930786133,40.08999764919281,52.543212890625
generation,875,42.60000288486481,51.45851135253906,40.47999978065491,50.4935302734375
generation,876,44.55000162124634,47.18281555175781,40.059998631477356,49.46160125732422
generation,877,42.1500027179718,53.976192474365234,40.25999903678894,52.399715423583984
generation,878,40.950003266334534,54.71296691894531,40.09999930858612,52.64604187011719
generation,879,41.600000858306885,48.4276008605957,39.899998903274536,49.16505813598633
generation,880,41.30000174045563,56.09203338623047,40.41999876499176,53.304443359375
generation,881,41.200003027915955,50.887489318847656,40.30999839305878,51.514122009277344
generation,882,43.20000112056732,47.93277359008789,40.19999802112579,51.264869689941406
generation,883,40.90000092983246,52.762290954589844,40.18999934196472,50.567623138427734
generation,884,42.650002241134644,51.91119384765625,40.39999842643738,52.31989288330078
generation,885,41.600000858306885,54.925575256347656,39.78999853134155,52.614994049072266
generation,886,42.1500027179718,55.33747482299805,40.16999900341034,53.42935562133789
generation,887,42.20000207424164,49.24097442626953,40.08999764919281,48.87230682373047
generation,888,41.55000150203705,54.318687438964844,40.389999747276306,53.79917526245117
generation,889,41.700002551078796,53.12961959838867,40.25000035762787,53.42361068725586
generation,890,44.050002098083496,45.82964324951172,40.50000011920929,48.47556686401367
generation,891,41.450002789497375,52.18962860107422,40.07000029087067,53.18867492675781
generation,892,42.100003361701965,50.78436279296875,40.32000005245209,49.89533996582031
generation,893,43.90000104904175,49.78248977661133,40.52000045776367,53.81892013549805
generation,894,41.90000295639038,52.716888427734375,40.129998326301575,53.24323272705078
generation,895,42.80000329017639,54.82521057128906,40.43999910354614,52.76130676269531
generation,896,40.35000205039978,55.18657684326172,40.16000032424927,52.05824279785156
generation,897,43.65000128746033,49.145957946777344,40.08999764919281,51.974082946777344
generation,898,43.400001525878906,51.96973419189453,40.10999798774719,52.53171157836914
generation,899,40.75000286102295,55.01301193237305,40.369999408721924,53.10165023803711
generation,900,43.05000305175781,51.51677322387695,40.369999408721924,53.10165023803711
generation,901,41.40000343322754,53.38212585449219,40.16000032424927,51.0045051574707
generation,902,42.650002241134644,52.530967712402344,40.529999136924744,53.07716369628906
generation,903,41.65000319480896,51.25685119628906,40.230000019073486,51.719207763671875
generation,904,44.75000202655792,49.29035186767578,40.230000019073486,51.719207763671875
generation,905,42.60000288486481,53.16912841796875,40.23999869823456,53.19086837768555
generation,906,43.800002336502075,49.74683380126953,40.56999981403351,51.146461486816406
generation,907,42.900002002716064,47.13180923461914,40.62999784946442,48.818824768066406
generation,908,41.25000238418579,51.92917251586914,40.299999713897705,50.85544967651367
generation,909,41.700002551078796,52.36559295654297,40.619999170303345,52.766143798828125
generation,910,43.65000128746033,51.56338882446289,40.68999886512756,51.4763069152832
generation,911,43.30000281333923,50.5253791809082,40.049999952316284,51.68482208251953
generation,912,44.200003147125244,46.537227630615234,40.43999910354614,50.76787185668945
generation,913,41.75000190734863,53.703758239746094,40.43000042438507,53.67449951171875
generation,914,44.700002670288086,49.6075439453125,40.68999886512756,51.01487350463867
generation,915,41.15000069141388,51.8459358215332,40.4699981212616,49.75723648071289
generation,916,43.65000128746033,48.59583282470703,40.47999978065491,49.41278839111328
generation,917,42.60000288486481,50.01626205444336,40.950000286102295,50.40318298339844
generation,918,42.70000159740448,53.402076721191406,40.48999845981598,52.37759017944336
generation,919,42.750000953674316,47.77224349975586,40.549999475479126,49.864933013916016
generation,920,43.90000104904175,48.241065979003906,40.07000029087067,50.18357849121094
generation,921,42.500001192092896,49.80955505371094,40.47999978065491,49.30564498901367
generation,922,44.050002098083496,49.10936737060547,40.26999771595001,50.84379577636719
generation,923,41.600000858306885,52.47248458862305,40.52000045776367,51.8511848449707
generation,924,42.40000247955322,51.85333251953125,40.43999910354614,51.340274810791016
generation,925,43.700000643730164,49.3810920715332,40.699997544288635,50.827476501464844
generation,926,43.2500034570694,50.830360412597656,40.039998292922974,50.97987365722656
generation,927,41.350001096725464,51.96564865112305,40.19999802112579,51.10173797607422
generation,928,43.35000216960907,50.08282470703125,40.75999855995178,51.28041076660156
generation,929,42.40000247955322,47.36915588378906,40.7399982213974,48.801395416259766
generation,930,42.650002241134644,47.95699691772461,40.379998087882996,50.285823822021484
generation,931,42.80000329017639,48.25741195678711,40.5599981546402,49.00779724121094
generation,932,42.900002002716064,49.376060485839844,40.139999985694885,49.71632766723633
generation,933,42.9500013589859,50.252986907958984,40.34000039100647,51.20851135253906
generation,934,43.85000169277191,47.3291130065918,40.68999886512756,49.986305236816406
generation,935,41.600000858306885,49.79296112060547,40.65999984741211,48.46767044067383
generation,936,42.80000329017639,49.768714904785156,41.040000319480896,51.414710998535156
generation,937,42.500001192092896,49.91644287109375,41.040000319480896,48.98847579956055
generation,938,41.65000319480896,48.72726821899414,40.18999934196472,48.17551803588867
generation,939,42.100003361701965,48.33412551879883,40.860000252723694,48.970821380615234
generation,940,41.200003027915955,49.8040771484375,40.26999771595001,49.7646369934082
generation,941,41.700002551078796,49.45879364013672,40.62999784946442,50.900882720947266
generation,942,43.2500034570694,50.11970138549805,40.449997782707214,49.814762115478516
generation,943,41.65000319480896,49.3636474609375,40.75999855995178,48.810482025146484
generation,944,43.550002574920654,47.72928237915039,40.26999771595001,49.84754180908203
generation,945,41.600000858306885,49.12929153442383,40.379998087882996,49.694889068603516
generation,946,42.45000183582306,46.237709045410156,40.32000005245209,48.885093688964844
generation,947,43.05000305175781,47.77635192871094,40.56999981403351,48.76266098022461
generation,948,44.90000307559967,49.52708435058594,40.08999764919281,51.931373596191406
generation,949,43.2500034570694,47.74700164794922,40.75999855995178,49.279075622558594
generation,950,44.25000250339508,48.40424728393555,40.860000252723694,51.32583236694336
generation,951,42.250001430511475,48.25741195678711,40.17999768257141,48.51292037963867
generation,952,43.05000305175781,46.588722229003906,40.48999845981598,47.741207122802734
generation,953,42.350003123283386,47.97255325317383,40.26999771595001,47.24447250366211
generation,954,43.65000128746033,47.800479888916016,40.68999886512756,49.71864700317383
generation,955,43.35000216960907,49.784461975097656,40.92999994754791,50.11206817626953
generation,956,42.45000183582306,50.45832824707031,41.110000014305115,50.214752197265625
generation,957,41.350001096725464,52.134674072265625,40.7399982213974,49.92876434326172
generation,958,41.75000190734863,48.80503845214844,40.389999747276306,48.570552825927734
generation,959,41.450002789497375,52.90872573852539,40.1199996471405,51.39643478393555
generation,960,44.5000022649765,47.50483703613281,40.389999747276306,49.81441116333008
generation,961,43.05000305175781,51.6890869140625,40.47999978065491,51.14094161987305
generation,962,41.95000231266022,52.11259078979492,40.9199982881546,50.91128921508789
generation,963,42.70000159740448,49.70873260498047,40.27999937534332,48.74339294433594
generation,964,42.40000247955322,50.08000183105469,40.77000021934509,49.86532974243164
generation,965,44.050002098083496,49.59052658081055,41.05999767780304,50.45153045654297
generation,966,42.9500013589859,48.9212760925293,40.65999984741211,50.60478591918945
generation,967,42.1500027179718,50.43487548828125,40.699997544288635,49.563575744628906
generation,968,42.40000247955322,49.0318489074707,40.709999203681946,50.7475700378418
generation,969,44.80000138282776,49.712547302246094,40.80999791622162,52.01453399658203
generation,970,42.70000159740448,49.5733528137207,41.15999937057495,50.795223236083984
generation,971,42.900002002716064,47.74679183959961,40.860000252723694,47.36117935180664
generation,972,43.45000088214874,49.4056396484375,40.79999923706055,49.594573974609375
generation,973,41.80000126361847,46.257877349853516,40.50999879837036,48.357948303222656
generation,974,43.75000298023224,48.863887786865234,40.779998898506165,48.92905807495117
generation,975,43.05000305175781,48.661827087402344,41.07999801635742,49.399837493896484
generation,976,43.35000216960907,50.29734420776367,41.14999771118164,50.52381134033203
generation,977,42.500001192092896,49.34503173828125,40.47999978065491,50.76893615722656
generation,978,42.45000183582306,46.31182098388672,41.17999970912933,47.413055419921875
generation,979,44.450002908706665,48.867164611816406,40.43999910354614,50.4774169921875
generation,980,40.65000116825104,55.77735900878906,40.81999957561493,51.37584686279297
generation,981,44.600000977516174,47.38629913330078,40.66999852657318,49.93021011352539
generation,982,42.20000207424164,49.78313064575195,41.3100004196167,49.844085693359375
generation,983,43.30000281333923,46.95850372314453,41.040000319480896,48.875892639160156
generation,984,42.70000159740448,50.75391387939453,40.32999873161316,50.11366653442383
generation,985,43.2500034570694,47.837249755859375,40.6499981880188,49.06534194946289
generation,986,41.05000197887421,51.43170166015625,41.14999771118164,48.822635650634766
generation,987,42.350003123283386,50.34568786621094,40.619999170303345,51.74774932861328
generation,988,41.30000174045563,52.312286376953125,40.74999988079071,51.02863311767578
generation,989,42.80000329017639,49.859283447265625,40.81999957561493,51.0299072265625
generation,990,43.60000193119049,50.36936950683594,41.33999943733215,50.96686553955078
generation,991,43.45000088214874,48.13654708862305,40.16000032424927,51.28123474121094
generation,992,40.950003266334534,47.81467819213867,41.019999980926514,47.16765594482422
generation,993,42.750000953674316,51.68022537231445,41.099998354911804,50.290977478027344
generation,994,41.850000619888306,48.05825424194336,41.05999767780304,49.3188362121582
generation,995,44.5000022649765,47.38404083251953,40.63999950885773,50.0093879699707
generation,996,42.350003123283386,49.28734588623047,40.52000045776367,48.36619186401367
generation,997,42.650002241134644,48.57923889160156,41.11999869346619,48.575260162353516
generation,998,43.00000071525574,51.7376823425293,40.829998254776,51.435943603515625
generation,999,42.1500027179718,49.79658889770508,40.98999798297882,47.4915771484375
generation,1000,44.050002098083496,47.441741943359375,40.41999876499176,49.26201629638672
after_ga,,,,40.939998626708984,49.3532600402832
